Dátum,EUR,CHF,JPY,USD
2015-01-05,319.14,265.62,222.05,266.97
2015-01-06,319.32,265.77,225.65,268.16
2015-01-07,319.68,266.17,226.89,269.68
2015-01-08,317.6,264.44,225.09,269.54
2015-01-09,317.8,264.55,225.35,268.91
2015-01-12,317.95,264.73,225.91,269.15
2015-01-13,317.79,264.59,227.02,269.11
2015-01-14,319.85,266.33,232.74,272.35
2015-01-15,321.34,319.27,234.48,274.86
2015-01-16,321.16,316.28,237.3,276.27
2015-01-19,318.2,316.24,233.69,273.96
2015-01-20,318.66,313.85,232.13,274.59
2015-01-21,315.78,315.43,231.85,272.91
2015-01-22,315.54,316.24,230.68,271.46
2015-01-23,311.4,317.82,234.02,277.17
2015-01-26,311.66,312.83,234.56,277.01
2015-01-27,312.61,305.81,233.84,276.21
2015-01-28,311.33,303.86,232.59,273.99
2015-01-29,312.06,302.21,234.02,275.77
2015-01-30,311.03,296.65,233.67,274.91
2015-02-02,311.26,294.76,232.98,274.19
2015-02-03,309.85,295.09,232.8,273.31
2015-02-04,309.03,291.81,230.23,270.01
2015-02-05,308.6,292.3,230.92,270.96
2015-02-06,306.36,290.54,228.06,267.47
2015-02-09,307.05,293.01,228.4,270.65
2015-02-10,309.47,296.05,230.78,274.23
2015-02-11,308.89,294.72,227.75,272.85
2015-02-12,307.87,291.8,226.75,271.37
2015-02-13,306.13,288.56,225.25,267.78
2015-02-16,306.88,288.92,226.82,269.1
2015-02-17,307.87,289.14,227.6,270.32
2015-02-18,307.95,287.86,226.81,270.27
2015-02-19,305.75,284.15,225.65,268.27
2015-02-20,304.98,282.94,226.77,269.13
2015-02-23,305.69,284.16,226.59,270.21
2015-02-24,305.78,284.95,226.35,270.53
2015-02-25,305.5,283.36,226.32,268.71
2015-02-26,303.4,282.15,224.71,266.77
2015-02-27,302.93,284.12,226.04,269.94
2015-03-02,303.48,282.89,225.73,270.58
2015-03-03,304.61,283.84,227.61,272.63
2015-03-04,307.02,286.45,230.66,275.85
2015-03-05,305.27,285.53,230.57,276.59
2015-03-06,304.1,283.82,230.94,277.24
2015-03-09,304.91,284.69,231.77,279.91
2015-03-10,306.15,286.05,233.52,284.68
2015-03-11,305.48,286.7,237.09,288.13
2015-03-12,303.22,285.06,236.13,286.03
2015-03-13,305.2,286.16,236.81,287.68
2015-03-16,304.7,288.05,238.29,289.17
2015-03-17,303.91,286.03,236.2,286.46
2015-03-18,303.77,285.51,236.17,286.28
2015-03-19,302.06,285.15,234.5,282.64
2015-03-20,303.37,287.52,234.52,284.21
2015-03-23,304.04,287.65,234.36,281.18
2015-03-24,303.5,288.14,231.48,276.59
2015-03-25,299.28,285.14,228.34,273.19
2015-03-26,299.85,285.89,229.34,271.68
2015-03-27,300.54,287.25,232.71,277.74
2015-03-30,299.82,286.28,230.6,276.03
2015-03-31,299.14,286.12,232.18,278.94
2015-04-01,299.08,286.27,231.63,278.6
2015-04-02,298.76,286.85,230.71,275.86
2015-04-03,299.76,287.2,230.21,275.51
2015-04-07,299.32,286.42,229.95,275.85
2015-04-08,297.43,284.63,228.48,273.9
2015-04-09,297.33,284.97,230.13,276.71
2015-04-10,298.04,287.07,233.6,280.98
2015-04-13,297.12,286.1,233,281.44
2015-04-14,296.36,286.88,234.56,280.88
2015-04-15,296.1,286.63,234.05,279.81
2015-04-16,300.25,290.98,236.75,282.4
2015-04-17,302.15,292.66,234.83,279.17
2015-04-20,301.2,293.49,235.76,280.08
2015-04-21,297.95,290.46,233.2,278.93
2015-04-22,300.21,292.65,233.17,278.57
2015-04-23,301.86,291.15,234.54,281.4
2015-04-24,300.85,290.08,231.26,276.36
2015-04-27,302.35,291.89,234.12,279.05
2015-04-28,301.35,289.06,232.17,276.37
2015-04-29,301.6,287.28,229.91,274.01
2015-04-30,303.06,288.76,227.41,270.37
2015-05-04,303.65,290.85,226.9,272.53
2015-05-05,301.5,289.73,225.77,271.62
2015-05-06,304.68,293.46,226.61,271.36
2015-05-07,306.79,296.23,226.37,270.13
2015-05-08,303.3,292.83,224.84,269.96
2015-05-11,304.62,293.02,227.37,272.71
2015-05-12,307.11,295,227.27,272.79
2015-05-13,305.44,293.1,227.05,272.03
2015-05-14,307.9,295.39,226.5,269.99
2015-05-15,306.56,294.16,225.81,269.86
2015-05-18,306.19,292.3,224.67,268.89
2015-05-19,306.1,293.41,227.84,273.43
2015-05-20,306.94,294.63,228.52,276.3
2015-05-21,306.51,294.64,227.33,274.75
2015-05-22,307.09,294.92,227.63,274.95
2015-05-26,308.52,297.94,230.72,283.25
2015-05-27,309.12,298.64,230.01,283.05
2015-05-28,309.15,298.67,228.09,282.54
2015-05-29,309.4,299,228.01,282.35
2015-06-01,309.69,300.14,229.02,284.17
2015-06-02,309.43,299.28,226.28,281.74
2015-06-03,312,299.68,225.45,280.32
2015-06-04,313.79,297.55,223.1,276.78
2015-06-05,311.63,296.78,221.87,276.78
2015-06-08,313.72,300.1,225.01,282.12
2015-06-09,312.7,298.87,222.98,277.14
2015-06-10,312.88,298.24,225.37,276.44
2015-06-11,312.8,296.73,224.65,277.62
2015-06-12,311.65,297.76,225.52,279.06
2015-06-15,312.89,299.15,225.4,278.42
2015-06-16,312.95,298.34,224.88,277.93
2015-06-17,312.17,299.25,223.77,277.14
2015-06-18,310.79,297.36,222.28,272.98
2015-06-19,312.92,299.69,224.84,276.58
2015-06-22,311.64,298.63,223.35,274.77
2015-06-23,309.13,296.1,222.42,275.05
2015-06-24,310.26,297.14,223.22,276.52
2015-06-25,312.02,297.64,225.44,278.89
2015-06-26,312.57,299.06,226.04,278.96
2015-06-29,313.57,300.93,229.28,281.94
2015-06-30,315.04,303.51,231.69,282.75
2015-07-01,314.61,300.77,229.76,282.21
2015-07-02,314.21,299.54,229.67,283.69
2015-07-03,314.41,300.42,230.07,283.12
2015-07-06,315.55,302.05,232.71,285.26
2015-07-07,315.8,303.91,234.75,287.95
2015-07-08,317.55,305.04,236.4,287.56
2015-07-09,316.8,301.99,236.25,286.83
2015-07-10,312.38,298.63,230.12,281.07
2015-07-13,310.21,295.91,227.12,280.43
2015-07-14,311.5,299.22,228.81,282.46
2015-07-15,310.83,297.88,228.11,281.88
2015-07-16,308.93,296.62,228.59,283.27
2015-07-17,308.72,295.89,228.47,283.46
2015-07-20,309.33,296.27,229.4,285.1
2015-07-21,309.21,296.33,229.11,284.83
2015-07-22,308.23,293.91,227.69,281.77
2015-07-23,308.79,294.4,226.98,280.95
2015-07-24,310.1,294.8,228.65,283.48
2015-07-27,311.67,294.01,227.84,281.34
2015-07-28,309.75,290.21,226.25,279.94
2015-07-29,309.5,290.78,226.32,279.76
2015-07-30,308.45,289.78,226.43,281.2
2015-07-31,309.11,293.31,227.49,282.63
2015-08-03,307.56,289.84,225.79,280.36
2015-08-04,308.13,290.26,226.55,280.86
2015-08-05,309.6,291.01,229.25,285.16
2015-08-06,310.45,289.77,228.37,285.16
2015-08-07,310.45,289.1,227.75,284.19
2015-08-10,310.94,288.72,227.4,283.55
2015-08-11,311.94,287.61,226.43,282.61
2015-08-12,312.54,286.52,225.24,280.76
2015-08-13,310.96,286.11,224.51,279.67
2015-08-14,310,285.18,223.87,278.25
2015-08-17,310.46,286.36,224.59,279.57
2015-08-18,308.91,285.82,224.36,278.9
2015-08-19,309.2,287.22,225.16,279.72
2015-08-24,314.57,290.4,227.25,274.25
2015-08-25,312.79,288.1,226.63,270.67
2015-08-26,314.95,291.14,229.74,274.49
2015-08-27,313.76,291.49,230.98,278.08
2015-08-28,314.94,290.08,230.94,279
2015-08-31,314.49,291.5,231.5,280.74
2015-09-01,314.54,289.94,232.87,278.95
2015-09-02,314.85,289.79,232.87,279.1
2015-09-03,314.41,288.55,232.54,279.72
2015-09-04,313.43,289.14,236.3,281.36
2015-09-07,314.24,289.32,235.98,281.48
2015-09-08,314.34,288.18,234.36,281.09
2015-09-09,313.18,287.33,232.31,279.77
2015-09-10,314.48,287.74,232.37,280.86
2015-09-11,315.34,286.97,231.85,279.31
2015-09-14,313.45,285.04,230.08,276.46
2015-09-15,312.88,285.5,231.55,276.79
2015-09-16,311.8,284.78,230.21,277.03
2015-09-17,312,284.68,227.89,275.4
2015-09-18,309.84,282.6,226.96,270.65
2015-09-21,310.14,283.96,228.22,274.53
2015-09-22,310.2,285.04,230.98,277.06
2015-09-23,310.02,285.1,231.95,278.97
2015-09-24,312.84,286.04,232.61,279.32
2015-09-25,313.81,286.71,232.73,281.72
2015-09-28,314.96,287.59,234.23,281.69
2015-09-29,314.46,288.28,233.48,280.04
2015-09-30,313.32,286.62,232.08,279.05
2015-10-01,313.21,287.01,233.66,280.55
2015-10-02,312.98,286.8,233.37,280.35
2015-10-05,311.92,285.37,230.5,277.04
2015-10-06,312.33,285.98,231.55,278.69
2015-10-07,311.56,286.54,230.83,277.14
2015-10-08,312.79,286.05,231.22,276.95
2015-10-09,311.08,284.91,228.53,274.71
2015-10-12,310.95,284.24,227.38,273.24
2015-10-13,311.3,284.69,228.51,273.5
2015-10-14,311.28,285.27,228.42,272.89
2015-10-15,310.15,285.46,228.92,271.04
2015-10-16,309.19,285.24,228.43,272.15
2015-10-19,309.26,285.7,228.04,272.24
2015-10-20,310.61,287.48,228.83,273.45
2015-10-21,311.35,287.08,228.4,274.08
2015-10-22,311.58,286.66,229.95,275.37
2015-10-26,310.75,287.64,232.74,281.83
2015-10-27,311.89,287,234.4,282.38
2015-10-28,311.95,286.92,234.54,282.36
2015-10-29,311.05,286.53,234.95,283.75
2015-10-30,309.77,285.1,233.67,281.48
2015-11-02,311.4,286.25,234.49,282.96
2015-11-03,313.57,288.69,236.32,285.43
2015-11-04,314.5,290.65,237.4,288.06
2015-11-05,314.27,290.12,237.26,289.22
2015-11-06,314.13,290.37,237.16,289.12
2015-11-09,315.05,291.48,236.77,292.53
2015-11-10,313.4,290.93,237.04,291.92
2015-11-11,311.96,288.76,235.78,290.2
2015-11-12,312.05,290.03,236.76,291.31
2015-11-13,312.26,289.27,236.54,290.31
2015-11-16,311.83,288.79,236.45,290.67
2015-11-17,312.1,289.26,237.37,292.56
2015-11-18,311.09,287.32,236.28,291.28
2015-11-19,309.95,284.73,235.34,290.03
2015-11-20,309.62,285.58,235.98,289.69
2015-11-23,310.57,286.75,237.18,292.11
2015-11-24,311.99,287.71,239.05,293.03
2015-11-25,312.09,288.35,239.92,294.09
2015-11-26,312.49,287.95,240.19,294.52
2015-11-27,311.81,286.08,240.28,294.58
2015-11-30,311.45,285.55,239.13,294.35
2015-12-01,310.54,284.98,238.04,293.05
2015-12-02,312,286.34,238.65,293.87
2015-12-03,310.13,286.89,237.86,293.66
2015-12-04,312.93,287.62,234.1,287.36
2015-12-07,312.14,288.04,233.78,288.56
2015-12-08,313.35,289.37,234.56,288.7
2015-12-09,314.26,289.84,234.3,287.49
2015-12-10,316.66,292.11,237.12,288.69
2015-12-11,317.63,293.58,238.01,290.23
2015-12-14,316.15,292.78,238.22,288.51
2015-12-15,317.1,292.56,237.78,287.59
2015-12-16,315.55,291.74,236.87,288.91
2015-12-17,315.59,291.99,237.45,290.73
2015-12-18,315.5,292.77,240.02,291.48
2015-12-21,314.21,290.64,238.4,289.51
2015-12-22,314.32,290.23,237.57,287.44
2015-12-23,314.13,290.57,237.71,287.61
2015-12-28,314.59,289.93,237.73,286.51
2015-12-29,314.11,289.69,237.53,286.1
2015-12-30,312.93,288.85,237.57,286.25
2015-12-31,313.12,289.38,238.12,286.63
2016-01-04,315.68,290.59,242.97,288.82
2016-01-05,315.37,290.68,245.85,292.71
2016-01-06,314.94,290.56,247.62,293.38
2016-01-07,315.7,290.3,247.6,291.05
2016-01-08,315.24,289.58,245.08,289.93
2016-01-11,316.17,291.02,246.43,290.44
2016-01-12,317.97,292.75,248.74,292.87
2016-01-13,315.51,289.57,246.58,291.6
2016-01-14,316.08,288.43,245.89,289.9
2016-01-15,315.14,288.01,246.03,288.96
2016-01-18,315.7,288.28,246.87,289.63
2016-01-19,315.03,287.67,245.81,289.74
2016-01-20,315.32,288.19,247.32,288.65
2016-01-21,314.57,287.11,246.99,288.83
2016-01-22,312.92,286.03,244.34,288.78
2016-01-25,312.4,284.81,243.92,288.83
2016-01-26,312.65,284.1,243.98,288.48
2016-01-27,313.92,284.34,244.22,288.72
2016-01-28,313.23,282.75,241.76,287.16
2016-01-29,312.42,281.09,236.99,286.54
2016-02-01,310.93,280.11,236.35,286.36
2016-02-02,311.4,279.59,236.43,285.32
2016-02-03,310.95,280.01,238.19,284.8
2016-02-04,309.71,277.02,235.7,277.44
2016-02-05,309.66,278.98,236.6,276.61
2016-02-08,310.25,279.94,237.71,277.53
2016-02-09,311.4,283.05,241.48,278.38
2016-02-10,311.17,283.63,240.38,276.2
2016-02-11,311.83,284.69,247.31,275.35
2016-02-12,309.58,281.17,243.57,274.06
2016-02-15,309.07,280.78,242.06,275.78
2016-02-16,310.2,281.32,243.64,277.58
2016-02-17,310.35,281.27,244.43,278.82
2016-02-18,309.85,280.38,244.41,278.19
2016-02-19,309.5,280.42,247.22,279.21
2016-02-22,308.29,280.12,246.03,278.19
2016-02-23,307.31,280.34,249.38,279.3
2016-02-24,310.01,284.34,252.27,282.26
2016-02-25,310.04,284.06,251.03,281.5
2016-02-26,310.45,284.21,249.53,281.82
2016-02-29,310.75,284.59,252.15,284.7
2016-03-01,309.16,284.46,251.64,284.63
2016-03-02,309.8,285.49,249.22,284.98
2016-03-03,308.95,284.96,249.5,284.3
2016-03-04,309.81,284.67,248.52,282.62
2016-03-07,308.8,281.99,248.31,281.88
2016-03-08,310.98,284.61,249.91,282.3
2016-03-09,310.5,283.52,251.7,283.04
2016-03-10,310.13,283.53,249.37,282.76
2016-03-11,310.55,283.07,245.54,279.5
2016-03-16,311.17,283.8,246.94,280.48
2016-03-17,310.78,282.97,246.79,275.05
2016-03-18,310.82,284.16,247.7,275.72
2016-03-21,310.21,283.9,246.95,275.5
2016-03-22,311,285.47,248.39,277.48
2016-03-23,312.91,286.54,248.18,279.63
2016-03-24,313.91,288.09,249.25,281.03
2016-03-25,313.46,287.37,248.36,280.7
2016-03-29,313.71,287.79,246.7,280.57
2016-03-30,313.55,287.27,246.78,276.99
2016-03-31,314.16,287.25,246.26,276.62
2016-04-01,313.53,286.37,244.8,275.03
2016-04-04,312.71,286.26,246.44,274.98
2016-04-05,312.9,286.8,249.11,275.27
2016-04-06,312.45,286.49,249.36,275.29
2016-04-07,311.84,286.49,252.66,273.86
2016-04-08,312.67,287.09,252.09,274.63
2016-04-11,312.11,286.74,253.33,273.95
2016-04-12,311.94,286.82,251.98,272.82
2016-04-13,311.22,285.96,251.39,274.49
2016-04-14,311.14,285.84,252.93,276.15
2016-04-15,311.32,285.61,252.68,276.36
2016-04-18,310.6,284.73,253.48,274.82
2016-04-19,310.35,284.17,250.57,273.85
2016-04-20,309.83,283.5,250.17,272.59
2016-04-21,309.74,282.38,249.87,274.28
2016-04-22,310.2,281.65,249.34,275.17
2016-04-25,310.7,282.97,248.28,276.01
2016-04-26,312.18,283.97,249.4,276.44
2016-04-27,312.01,283.37,247.82,275.58
2016-04-28,311.13,283.4,253.36,273.93
2016-04-29,311.76,284.52,255.88,274.05
2016-05-02,311.55,283.19,254.99,271.41
2016-05-03,311.3,283.67,254.02,268.52
2016-05-04,312.85,285.05,254.87,272.28
2016-05-05,312.65,284.26,254.74,273.34
2016-05-06,312.94,283.3,256.25,273.98
2016-05-09,314.47,284.82,255.88,276.02
2016-05-10,315.56,285.11,254.11,276.93
2016-05-11,315.07,283.97,254.53,276.62
2016-05-12,315.35,284.95,253.72,276.43
2016-05-13,315.49,286.36,255.65,277.94
2016-05-17,314.81,284.12,253.52,277.98
2016-05-18,315.6,284.85,255.88,280.21
2016-05-19,316.07,285.4,255.8,281.58
2016-05-20,316.52,284.7,255.65,282.08
2016-05-23,316.15,284.55,257.34,282.02
2016-05-24,316.55,285.34,258.46,283.14
2016-05-25,314.7,284.6,256.12,282.32
2016-05-26,313.95,283.32,255.49,280.86
2016-05-27,314.15,283.72,256.13,280.97
2016-05-30,314.18,284.23,253.9,282.18
2016-05-31,314.2,284.68,254.33,282.2
2016-06-01,313.77,283.47,255.97,281.26
2016-06-02,313.56,283.49,256.57,279.69
2016-06-03,312.57,282.85,257.59,280.36
2016-06-06,311.7,281.58,256.1,274.46
2016-06-07,311.26,283.39,254.22,273.9
2016-06-08,310.57,283.2,255.01,273.12
2016-06-09,311.7,285.57,257.52,274.26
2016-06-10,311.61,285.76,257.72,275.76
2016-06-13,312.3,287.08,261.38,277.06
2016-06-14,313.78,289.42,264.03,279.26
2016-06-15,313.77,289.61,263.05,279.68
2016-06-16,314.87,290.87,268.47,279.61
2016-06-17,314.51,290.22,267.9,279.39
2016-06-20,312.46,286.9,263.38,275.34
2016-06-21,313.27,287.86,264.55,276.35
2016-06-22,314.73,291.06,267.27,279.16
2016-06-23,314.59,290.03,265.14,277.12
2016-06-24,317.27,292.15,276.89,285.11
2016-06-27,317.36,294.85,281.52,287.15
2016-06-28,317.24,292.64,281.09,286.99
2016-06-29,317.03,292.39,279.44,286.57
2016-06-30,316.16,290.57,276.49,284.29
2016-07-01,316.45,292.09,277.82,284.88
2016-07-04,316.75,292.23,277.69,285.1
2016-07-05,317.09,293.52,279.95,284.74
2016-07-06,316.71,292.25,284.35,286.43
2016-07-07,316.45,292.26,282.66,285.6
2016-07-08,314.91,290.47,282.67,284.37
2016-07-11,313.75,288.88,278.62,284.55
2016-07-12,313.27,287.38,272.71,281.95
2016-07-13,313.78,287.45,271.94,283.71
2016-07-14,313.65,287.86,267.23,282.36
2016-07-15,314.7,288.37,266.75,282.52
2016-07-18,315.23,289.89,269.89,285.22
2016-07-19,314.85,289.41,268.18,284.49
2016-07-20,314.55,289.41,268.53,285.88
2016-07-21,314.55,289.18,269.28,285.57
2016-07-22,313.66,288.53,267.8,284.4
2016-07-25,312.7,288.9,267.79,284.74
2016-07-26,313,288.66,272.55,284.24
2016-07-27,313.35,286.6,270.03,285.02
2016-07-28,312.98,286.41,268.98,281.86
2016-07-29,312.38,287.71,271.27,281.47
2016-08-01,311.83,288.54,273.3,279.42
2016-08-02,311.74,288.08,273.56,278.29
2016-08-03,311.2,286.93,274.7,277.86
2016-08-04,311.03,286.82,275.23,279.33
2016-08-05,311.4,286.83,276.6,279.26
2016-08-08,310.92,285.64,274.16,280.44
2016-08-09,310.5,284.7,273.49,279.86
2016-08-10,310.38,284.38,274.54,278.44
2016-08-11,310.25,285.31,274.83,278.43
2016-08-12,310.14,285.27,272.44,278.05
2016-08-15,309.62,284.44,274.52,277.24
2016-08-16,309.94,285.24,274.57,275.31
2016-08-17,310.41,286.26,273.43,275.75
2016-08-18,310.47,286.11,273.65,274.12
2016-08-19,310.55,286.74,274.05,274.41
2016-08-22,310.24,285.18,272.64,274.6
2016-08-23,310.61,285.25,273.55,274.1
2016-08-24,309.83,284.79,273.82,274.31
2016-08-25,309.7,284.44,273.45,274.46
2016-08-26,309.32,283.75,272.74,274.05
2016-08-29,309.26,282.86,270.52,276.47
2016-08-30,308.97,282.33,270.44,276.63
2016-08-31,309.92,282.79,269.56,278.1
2016-09-01,310.17,282.01,268.74,278.15
2016-09-02,310.28,282.92,267.77,277.46
2016-09-05,309.16,282.85,267.78,276.83
2016-09-06,309.85,283.12,268.41,277.54
2016-09-07,309.35,283.85,270.83,275.22
2016-09-08,308.52,282.61,269.5,273.68
2016-09-09,308.7,281.4,268.07,273.89
2016-09-12,310.56,283.62,270.56,276.3
2016-09-13,309.99,283.74,271.14,275.94
2016-09-14,309.75,282.15,268.14,275.97
2016-09-15,310.26,283.17,269.71,276.18
2016-09-16,309.63,283.11,270.18,275.64
2016-09-19,307.73,281.12,270.63,275.64
2016-09-20,308.73,282.39,271.2,275.95
2016-09-21,308.57,283.34,271.82,276.79
2016-09-22,307.3,281.97,271.25,273.45
2016-09-23,306.25,281.7,270.71,273.36
2016-09-26,306.56,281.71,271.07,272.72
2016-09-27,306.82,281.45,271.46,272.95
2016-09-28,307.75,282.49,272.31,274.41
2016-09-29,307.95,282.62,270.59,274.59
2016-09-30,309.15,285.25,273.53,276.35
2016-10-03,308.4,282.46,270.68,274.52
2016-10-04,307.83,281.45,269.19,275.54
2016-10-05,306.34,279.25,265.25,272.86
2016-10-06,305.1,279.27,263.12,272.65
2016-10-07,304.28,278.59,263.38,273.44
2016-10-10,304.3,277.97,263.92,272.13
2016-10-11,304.32,277.64,263.54,273.84
2016-10-12,305.19,279.64,267.25,276.84
2016-10-13,306.37,281.55,267.65,278.62
2016-10-14,305.52,280.62,266.02,277.17
2016-10-17,306.56,282.16,267.83,279
2016-10-18,306.74,281.64,267.69,278.4
2016-10-19,306.45,281.8,269.35,278.64
2016-10-20,307.06,282.86,269.93,279.86
2016-10-21,307.85,284.37,272.62,282.92
2016-10-24,308.15,284.67,272.29,282.91
2016-10-25,307.91,284.6,270.73,282.75
2016-10-26,309.15,285.43,271.65,283.03
2016-10-27,309.75,285.87,271.02,283.81
2016-10-28,309.2,285.14,269.47,283.51
2016-11-02,308.38,286.15,268.74,278.25
2016-11-03,308.05,285.44,269.77,277.62
2016-11-04,306.81,283.76,268.44,276.41
2016-11-07,306.13,283.08,264.78,276.77
2016-11-08,306.15,284.04,265.12,277.08
2016-11-09,305.42,282.28,267,276.35
2016-11-10,306.5,284.8,264.97,281.35
2016-11-11,309.04,288.19,267.13,284.33
2016-11-14,309.33,288.95,266.63,287.56
2016-11-15,309.95,288.49,265.19,287.02
2016-11-16,310.53,288.97,264.62,289.81
2016-11-17,309.85,288.76,264.78,288.93
2016-11-18,310.13,289.86,264.4,292.58
2016-11-21,309.18,287.98,262.45,290.8
2016-11-22,308.21,286.93,261.33,289.45
2016-11-23,308.98,287.82,262.26,291.13
2016-11-24,310.4,289.15,260.27,293.72
2016-11-25,309.65,288.34,258.47,292.23
2016-11-28,310.14,288.37,259.71,291.4
2016-11-29,311.16,289.43,260.73,293.63
2016-11-30,310.99,288.39,258.57,292.37
2016-12-01,313.11,290.72,258.04,294.53
2016-12-02,314.32,292.04,259.63,295.22
2016-12-05,313.64,290.87,258.31,294.94
2016-12-06,314.23,289.91,255.69,291.85
2016-12-07,312.71,288.82,256,291.71
2016-12-08,313.6,288.93,255.9,290.29
2016-12-09,314.4,291.28,258.59,295.88
2016-12-12,314.1,291.79,255.95,296.49
2016-12-13,314.33,291.98,256.79,295.98
2016-12-14,314.5,292.61,256.94,295.97
2016-12-15,313.75,291.66,253.39,298.75
2016-12-16,312.43,290.48,252.93,298.58
2016-12-19,312.03,291.03,254.15,298.65
2016-12-20,311.25,291.24,253.84,299.71
2016-12-21,310.36,290.55,253.94,298.48
2016-12-22,310.17,289.43,252.54,297.01
2016-12-23,310.12,289.31,252.77,296.6
2016-12-27,308.99,287.51,252.14,295.68
2016-12-28,308.96,287.63,251.52,295.94
2016-12-29,309.33,288.71,253.97,295.47
2016-12-30,311.02,289.41,251.34,293.69
2017-01-02,309.4,288.79,251.26,295.06
2017-01-03,309.33,289.2,251.68,297.38
2017-01-04,308.89,288.43,251.4,295.87
2017-01-05,308.78,288.4,252.05,293.94
2017-01-06,307.16,286.65,249.83,289.75
2017-01-09,308.07,287.5,250,292.7
2017-01-10,308.68,287.5,251.11,291.29
2017-01-11,309.32,288.22,252.69,293.58
2017-01-12,307.71,287.05,253.55,289.17
2017-01-13,307.34,286.4,251.85,288.72
2017-01-16,307.34,286.61,254,290.22
2017-01-17,307.75,287.2,254.94,288.18
2017-01-18,307.95,287.45,254.25,287.91
2017-01-19,308.09,287.35,252.28,288.99
2017-01-20,308.48,287.6,251.72,289.73
2017-01-23,309.67,288.8,254.05,288.68
2017-01-24,310.15,289.09,255.04,288.83
2017-01-25,310.18,288.97,254.09,288.54
2017-01-26,310.68,290.08,253.84,289.76
2017-01-27,311.8,291.66,253.58,291.57
2017-01-30,311.4,291.52,253.76,291.14
2017-01-31,311,291.87,255.11,290.44
2017-02-01,310.54,290.73,254.03,287.94
2017-02-02,308.6,288.69,253.73,285.34
2017-02-03,309.21,289.06,254.44,287.82
2017-02-06,309.15,289.11,255.58,287.66
2017-02-07,309.74,290.44,258.53,290.56
2017-02-08,309.3,290.59,258.64,290.56
2017-02-09,308.74,289.94,257.03,288.49
2017-02-10,308.4,288.99,254.97,289.8
2017-02-13,308.45,289.14,254.77,289.98
2017-02-14,308.42,289.17,255.97,290.47
2017-02-15,308.4,289.7,255.18,292.13
2017-02-16,308.05,289.17,254.82,289.55
2017-02-17,307.85,289.37,256.13,289.25
2017-02-20,308.25,289.24,256.49,290.17
2017-02-21,307.63,289.18,256.54,291.81
2017-02-22,307.25,288.59,258.37,292.34
2017-02-23,307.96,288.9,257.92,291.99
2017-02-24,308.58,289.77,258.94,291.28
2017-02-27,308.04,289.02,259.16,290.96
2017-02-28,307.71,288.92,258.51,290.57
2017-03-01,307.71,289.17,257.06,291.92
2017-03-02,308.18,289.54,256.33,292.78
2017-03-03,309.89,290.65,257.88,294.63
2017-03-06,309.63,289.42,256.88,292.05
2017-03-07,309.57,288.68,257.05,293.04
2017-03-08,310.02,289.92,257.56,293.69
2017-03-09,310.55,289.71,256.08,294.08
2017-03-10,311.92,290.42,254.79,293.88
2017-03-13,312.36,290.67,255.52,292.88
2017-03-14,312.18,291.07,254.91,293.43
2017-03-16,309.99,289.55,255.17,289.41
2017-03-17,309.55,288.79,253.74,287.29
2017-03-20,308.75,287.51,254.46,287.08
2017-03-21,308.65,287.15,253.97,285.97
2017-03-22,308.6,288.01,256.97,286.11
2017-03-23,308.96,288.54,258.41,286.84
2017-03-24,309.4,288.95,257.65,286.38
2017-03-27,309.91,289.57,258.7,285.37
2017-03-28,309.42,289.07,257.45,284.97
2017-03-29,309.9,289.21,258.84,287.24
2017-03-30,310.03,289.79,260.09,288.83
2017-03-31,308.7,288.58,258.01,288.64
2017-04-03,309.19,289.23,260.12,289.72
2017-04-04,309.06,289.26,262.31,289.9
2017-04-05,309.7,289.42,261.86,290.14
2017-04-06,310.33,289.58,262.98,291.17
2017-04-07,310.31,290.09,263.77,291.86
2017-04-10,310.59,290.67,263.56,293.37
2017-04-11,311.53,291.74,265.59,293.9
2017-04-12,311.51,291.46,267.39,293.35
2017-04-13,312.3,292.26,269.08,293.43
2017-04-18,312.92,292.88,269.8,293.79
2017-04-19,313.11,292.89,268.38,292.19
2017-04-20,313.09,292.14,266.53,290.68
2017-04-21,313.64,293.16,268.17,292.6
2017-04-24,311.78,288.64,260.68,287.14
2017-04-25,311.75,287.77,259.04,286.19
2017-04-26,311.82,287.66,257.09,285.99
2017-04-27,312.66,288.71,257.41,286.63
2017-04-28,311.55,287.76,256.9,285.8
2017-05-02,312.15,287.42,254.93,285.98
2017-05-03,312.18,288.66,254.96,286.06
2017-05-04,312.25,288.07,253.41,285.97
2017-05-05,312.16,288.12,253.6,284.84
2017-05-08,311.9,287.24,252.76,284.68
2017-05-09,311.83,285.7,251.56,285.9
2017-05-10,311.2,284.42,251.44,286.27
2017-05-11,310.58,283.28,249.97,285.49
2017-05-12,310.31,283.34,251.32,285.58
2017-05-15,309.64,283.13,249.08,282.88
2017-05-16,308.81,282.22,246.12,279.57
2017-05-17,309.97,283.95,248.52,279.63
2017-05-18,309.99,284.08,251.05,278.57
2017-05-19,309.15,283.61,248.67,277.29
2017-05-22,308.55,283.45,247.94,276.28
2017-05-23,308.83,282.54,246.82,274.54
2017-05-24,309.05,283.22,247.01,276.28
2017-05-25,308.06,282.21,245.13,274.03
2017-05-26,307.33,282.14,246.59,273.79
2017-05-29,307.98,282.73,247.31,275.38
2017-05-30,308.02,282.8,249.12,276.52
2017-05-31,307.78,282.66,248.53,275.42
2017-06-01,307.56,282.18,246.51,273.97
2017-06-02,308.26,282.95,246.25,274.72
2017-06-06,307.57,283.41,249.16,273.35
2017-06-07,308.54,284.38,250.93,273.94
2017-06-08,308.31,283.52,249.3,274.05
2017-06-09,307.82,283.45,249.5,275.4
2017-06-12,307.65,283.31,249.16,274.05
2017-06-13,307.09,283.25,248.61,273.87
2017-06-14,306.47,282.24,248.19,273.46
2017-06-15,306.74,281.8,250.26,274.36
2017-06-16,307.76,282.86,247.42,275.45
2017-06-19,307.37,282.54,247.27,274.54
2017-06-20,308.05,283.42,247.38,276.08
2017-06-21,309.5,285.13,249.82,277.75
2017-06-22,309.17,284.46,249.2,276.84
2017-06-23,309.21,285.24,248.9,276.8
2017-06-26,309.31,284.72,247.64,276.49
2017-06-27,309.13,284.16,246.25,274.81
2017-06-28,309.9,284,243.64,272.78
2017-06-29,310.05,283.57,241.1,271.38
2017-06-30,308.87,282.57,242.11,270.87
2017-07-03,308.86,282.57,240.4,271.41
2017-07-04,308.25,281.54,239.85,271.49
2017-07-05,308.05,281.07,239.15,271.6
2017-07-06,308.92,281.96,240.46,272.2
2017-07-07,308.32,280.57,237.31,269.94
2017-07-10,307.89,280.06,236.62,270.17
2017-07-11,308.2,279.22,236.57,270.45
2017-07-12,307.63,278.68,236.67,268.48
2017-07-13,307.38,279.52,238.32,269.54
2017-07-14,306.53,277.26,237.24,268.72
2017-07-17,306.07,277.37,237.39,267.33
2017-07-18,306.65,277.88,236.93,266.07
2017-07-19,306.34,278.6,237.2,265.76
2017-07-20,306.09,278.15,236.83,266.05
2017-07-21,305.51,275.78,234.65,262.24
2017-07-24,305.15,276.9,236.51,261.86
2017-07-25,305.38,276.56,235.52,262.04
2017-07-26,305.79,275.58,235.2,263.07
2017-07-27,305.31,272.82,234,260.3
2017-07-28,305.37,268.58,234.45,260.87
2017-07-31,304.82,267.84,234.79,259.8
2017-08-01,303.3,265.81,232.45,256.56
2017-08-02,303.49,264.74,231.17,256
2017-08-03,303.52,264.49,231.53,256.26
2017-08-04,303.93,264.31,232.29,255.77
2017-08-07,304.19,265.2,232.76,257.85
2017-08-08,304.39,264.94,233.14,257.76
2017-08-09,304.84,269.51,236.82,259.86
2017-08-10,305.33,269.64,236.86,260.45
2017-08-11,305.91,271.09,238.76,260.22
2017-08-14,304.25,266.82,234.89,257.75
2017-08-15,304.4,266.51,234.54,258.91
2017-08-16,303.87,266.03,233.67,259.14
2017-08-17,304.05,268.46,235.48,259.12
2017-08-18,303.87,269.13,237.28,258.66
2017-08-21,303.57,267.27,237.03,258.53
2017-08-22,303.84,267.24,236.05,258.1
2017-08-23,303.4,265.71,235.14,257.34
2017-08-24,302.84,266.12,234.9,256.91
2017-08-25,304.25,267.61,235.2,257.9
2017-08-28,304.12,267.44,233.45,254.9
2017-08-29,304.87,267.31,233.01,252.77
2017-08-30,305.81,267.88,232.91,256.04
2017-08-31,306.14,267.11,232.84,257.33
2017-09-01,305.12,266.85,233.04,256.55
2017-09-04,306,268.49,234.46,256.73
2017-09-05,306.21,268.38,235.46,257.64
2017-09-06,306.47,269.05,236.08,256.59
2017-09-07,306.02,268.46,234.85,255.87
2017-09-08,306,267.7,235.52,253.65
2017-09-11,306.45,268.72,235.13,254.93
2017-09-12,306.76,268.06,233.79,256.51
2017-09-13,307.64,267.55,233.37,256.82
2017-09-14,308.35,267.79,234.61,259.01
2017-09-15,308.84,269.49,233.83,258.9
2017-09-18,309.53,270.09,232.85,259.26
2017-09-19,309.3,268.43,231.31,258.07
2017-09-20,308.42,267.49,230.65,256.87
2017-09-21,310.09,267.96,231.72,260.27
2017-09-22,309.84,266.8,230.65,258.42
2017-09-25,310.23,268.04,232.4,260.59
2017-09-26,311,271.38,235.53,263.18
2017-09-27,311.85,272.53,235.34,265.72
2017-09-28,311.05,271.44,234.38,264.36
2017-09-29,311.23,271.68,234.34,263.75
2017-10-02,311.15,272.81,234.84,264.9
2017-10-03,311.69,271.99,234.84,265.65
2017-10-04,311.2,271.87,235.12,264.72
2017-10-05,311.35,271.11,234.83,264.39
2017-10-06,311.62,271.96,235.72,266.41
2017-10-09,312.38,271.94,236.26,266.17
2017-10-10,310.94,270.06,234.84,263.98
2017-10-11,309.94,268.73,233.46,262.04
2017-10-12,309.26,267.73,232.18,260.69
2017-10-13,308.34,267.25,232.55,260.62
2017-10-16,308.06,267.91,233.65,261.29
2017-10-17,307.84,267.71,233.21,261.66
2017-10-18,308.15,267.59,232.84,262.32
2017-10-19,308.46,267.07,231.93,261.27
2017-10-20,308.03,265.57,230.26,260.95
2017-10-24,308.45,265.95,230.67,262.2
2017-10-25,310.35,265.82,231.07,263.72
2017-10-26,310.74,265.79,231.44,263.03
2017-10-27,311.2,267.66,234.72,267.63
2017-10-30,310.16,267.09,234.56,266.48
2017-10-31,311.42,268.19,236.32,267.68
2017-11-02,310.71,266.94,234.03,266.89
2017-11-03,311.05,267.14,233.98,267.06
2017-11-06,311.03,267.58,234.83,268.06
2017-11-07,311.08,268.67,235.33,268.94
2017-11-08,311.81,269.21,236.54,268.99
2017-11-09,312.34,268.89,237.23,269.19
2017-11-10,312.11,269.59,236.11,267.68
2017-11-13,311.99,268.65,236.4,268.01
2017-11-14,311.64,267.32,233.74,265.93
2017-11-15,311.86,267.03,233.49,263.4
2017-11-16,312,267.22,234.01,264.95
2017-11-17,312.11,266.84,235.14,264.63
2017-11-20,312.32,267.76,236.18,264.81
2017-11-21,312.6,268.4,237.05,266.52
2017-11-22,313.36,269.36,237.78,266.53
2017-11-23,313.26,269.65,237.76,264.53
2017-11-24,312.05,267.92,235.92,262.91
2017-11-27,310.95,265.75,234.22,260.62
2017-11-28,311.36,266.46,235.36,261.82
2017-11-29,311.3,266.69,235.31,262.32
2017-11-30,312.68,267.72,235.22,264.27
2017-12-01,313.75,267.97,234.34,263.52
2017-12-04,313.3,268.82,234.1,264.3
2017-12-05,313.84,268.57,235.32,264.78
2017-12-06,314.5,269.07,237.14,265.98
2017-12-07,314.58,269.11,236.84,266.82
2017-12-08,314.62,268.95,236.03,268.06
2017-12-11,314.32,268.89,235,266.42
2017-12-12,314.22,269.48,235.02,266.65
2017-12-13,314.46,269.92,236.02,267.65
2017-12-14,314.2,268.99,235.7,265.82
2017-12-15,314.01,269.41,237.32,266.18
2017-12-18,313.99,269.28,236.43,266.32
2017-12-19,313.15,269.31,235.5,265.22
2017-12-20,313.22,268.05,233.84,264.59
2017-12-21,312.88,266.81,232.04,263.34
2017-12-22,311.86,265.97,232.18,263.2
2017-12-27,311.06,264.6,231.19,261.66
2017-12-28,310.45,265.14,230.45,260.16
2017-12-29,310.14,265.24,229.84,258.82
2018-01-02,309.57,264.01,228.47,256.46
2018-01-03,309.42,264.28,228.89,257.04
2018-01-04,308.57,262.44,227.65,256.22
2018-01-05,308.33,261.96,226.05,255.96
2018-01-08,308.96,263.34,227.69,257.68
2018-01-09,309.31,263.69,229.49,259.05
2018-01-10,309.69,264.01,232.1,259.39
2018-01-11,309.06,264.11,231.72,258.67
2018-01-12,308.62,261.94,229.08,254.53
2018-01-15,309.25,262.07,228.15,252.24
2018-01-16,309.06,261.8,228.28,252.64
2018-01-17,309.05,262.12,228.06,252.55
2018-01-18,308.34,262.51,226.78,252.43
2018-01-19,309.28,263.55,227.6,251.82
2018-01-22,309.49,263.26,228.18,252.62
2018-01-23,309.91,263,228.82,253.24
2018-01-24,309.09,263.23,228.45,250.54
2018-01-25,309.34,264.43,228.26,248.83
2018-01-26,309.8,266.21,227.93,248.72
2018-01-29,309.38,266.08,229.12,249.26
2018-01-30,310.11,267.76,230.2,250.11
2018-01-31,310.6,267.7,229.48,249.44
2018-02-01,310.09,267.51,227.23,249.13
2018-02-02,309.38,266.72,225.48,247.76
2018-02-05,309.92,267.37,226.33,248.71
2018-02-06,310.16,267.65,229.4,250.07
2018-02-07,309.99,267.57,230.07,250.98
2018-02-08,311.1,268.76,231.75,254.35
2018-02-09,312.14,271.15,233.36,254.5
2018-02-12,312.05,271.29,234.01,254.44
2018-02-13,311.9,270.89,235.21,253.23
2018-02-14,312.27,270.26,235.18,252.77
2018-02-15,311.6,269.66,234.49,249.54
2018-02-16,311.16,269.85,234.27,248.37
2018-02-19,311.34,270.41,235.28,250.86
2018-02-20,311.86,270.49,235.69,252.64
2018-02-21,312.09,270.13,235.4,253.03
2018-02-22,312.38,270.83,236.76,254.09
2018-02-23,312.99,272.19,237.89,254.28
2018-02-26,313.2,271.89,238.02,253.73
2018-02-27,313.55,271.36,237.54,254.24
2018-02-28,314.28,272.79,240.13,257.16
2018-03-01,313.8,272.43,241.3,257.61
2018-03-02,313.79,272.57,241.67,255.59
2018-03-05,313.62,271.89,241.07,254.52
2018-03-06,313.85,270.57,240.13,254.23
2018-03-07,312.8,268.55,238.37,251.77
2018-03-08,311.75,266.36,237.31,251.76
2018-03-09,311.57,266.52,237.19,253.27
2018-03-12,311.72,266.54,237.6,253.16
2018-03-13,311.68,266.62,235.91,252.78
2018-03-14,311.66,266.48,236.47,252.01
2018-03-19,310.96,265.45,238.81,253.16
2018-03-20,311.24,265.49,237.62,252.69
2018-03-21,311.43,265.83,238.58,253.63
2018-03-22,311.55,266.34,239.11,252.57
2018-03-23,313.1,268.06,242.22,254.04
2018-03-26,312.74,266.72,240.44,252.37
2018-03-27,312.61,265.74,238.23,251.5
2018-03-28,312.77,265.47,238.94,252.25
2018-03-29,312.55,265.24,238.08,253.94
2018-04-03,312.45,265.93,239.09,253.67
2018-04-04,312.03,264.95,239.03,253.85
2018-04-05,311.34,264.04,236.95,253.82
2018-04-06,311.81,264.56,237.25,254.85
2018-04-09,311.85,264.64,237.11,253.95
2018-04-10,311.6,264.59,236.3,252.82
2018-04-11,311.6,262.72,235.36,251.74
2018-04-12,311.27,262.35,236,252.12
2018-04-13,310.99,262.19,234.27,252.12
2018-04-16,310.25,261.26,234.06,250.91
2018-04-17,310.68,260.87,234.49,250.83
2018-04-18,310.35,259.15,234.05,251.09
2018-04-19,310.35,259.03,233.75,250.95
2018-04-20,310.49,259.14,234.27,252.12
2018-04-23,311.18,260.15,235.41,254.27
2018-04-24,312.55,261.75,235.34,256.1
2018-04-25,312.89,261.18,235.04,256.4
2018-04-26,313.33,261.63,235.39,257.42
2018-04-27,312.62,261.15,236.75,258.96
2018-05-02,313.84,262.79,238.19,261.58
2018-05-03,314.23,262.8,239.03,262.12
2018-05-04,314.4,263.07,240.98,262.81
2018-05-07,313.89,262.17,240.7,263.09
2018-05-08,314.53,263.53,242.6,264.56
2018-05-09,314.71,264.73,241.84,265.44
2018-05-10,314.41,263.74,241.22,264.79
2018-05-11,314.49,263.32,241.41,263.79
2018-05-14,315.15,263.21,240.03,262.95
2018-05-15,317.26,266.05,242.05,266.18
2018-05-16,317.19,268.26,243.18,267.94
2018-05-17,316.35,267.38,241.91,267.75
2018-05-18,317.33,268.98,242.21,268.76
2018-05-22,316.65,269.14,241.59,268.17
2018-05-23,318.8,274.1,247.38,271.8
2018-05-24,318.87,273.85,247.59,271.63
2018-05-25,319.61,274.5,248.79,272.52
2018-05-28,318.97,275.34,249.67,273.14
2018-05-29,319.88,278.99,255.15,277.12
2018-05-30,319.31,277.82,253.09,275.01
2018-05-31,318.88,275.64,249.73,272.08
2018-06-01,319.82,277.52,250.68,273.77
2018-06-04,319.08,276.61,248.78,272.49
2018-06-05,318.66,276.08,248.05,272.24
2018-06-06,318.94,275.51,246.77,271.6
2018-06-07,317.3,273.22,244.09,268.38
2018-06-08,319.8,276.72,248.62,271.82
2018-06-11,320.87,276.08,247.59,272.27
2018-06-12,321.72,277.24,247.46,272.78
2018-06-13,320.43,275.94,246.66,272.85
2018-06-14,321.39,276.5,247.15,271.77
2018-06-15,323.37,279.95,252.41,278.94
2018-06-18,322.65,279.34,251.89,278.39
2018-06-19,324.33,281.74,255.47,280.61
2018-06-20,323.09,280.38,253.85,279.54
2018-06-21,326.17,284.04,256.32,283.16
2018-06-22,324.53,281.03,252.48,278.11
2018-06-25,324.72,282.05,254.4,278.47
2018-06-26,325.58,282.17,254.33,278.87
2018-06-27,327.25,283.84,256.36,281.43
2018-06-28,328.1,284.41,257.41,283.95
2018-06-29,328.6,284.05,254.68,282.06
2018-07-02,330.04,285.84,255.82,283.47
2018-07-03,328.01,283.24,253.62,281.34
2018-07-04,326.48,282.34,253.74,280.36
2018-07-05,324.24,279.33,250.69,277.29
2018-07-06,324.16,278.85,250.12,276.73
2018-07-09,322.76,277.76,248.14,274.15
2018-07-10,325.32,279.34,249.58,277.41
2018-07-11,324.62,279.17,249.41,277.24
2018-07-12,325.2,279.35,247.88,278.57
2018-07-13,324.58,278.21,247.64,279.16
2018-07-16,322.04,275.26,244.81,275.34
2018-07-17,322.84,276.63,244.74,274.94
2018-07-18,323.89,278.02,246.54,278.69
2018-07-19,325.15,279.68,247.91,279.99
2018-07-20,325.91,280.17,248.97,279.97
2018-07-23,325.97,280.8,250.6,278.44
2018-07-24,326.84,281.31,251.45,279.71
2018-07-25,325.64,280.5,250.31,278.4
2018-07-26,324.26,278.79,250.01,276.81
2018-07-27,323.26,278.91,250.04,278.05
2018-07-30,322.28,277.86,248.47,276
2018-07-31,321.31,277.4,245.67,274.02
2018-08-01,321.21,277.09,245.48,274.96
2018-08-02,321.5,278.18,247.96,276.65
2018-08-03,321.17,278.77,248.25,277.35
2018-08-06,320.2,278.31,249.09,277.06
2018-08-07,319.56,277.07,247.79,275.77
2018-08-08,319.36,276.54,248.33,275.57
2018-08-09,320.08,277.77,248.45,276.1
2018-08-10,322.6,283.16,253.94,281.57
2018-08-13,324.16,286.24,258,284.75
2018-08-14,323.36,285.94,255.74,284
2018-08-15,323.29,286.24,256.46,285.44
2018-08-16,323.81,286.47,256.76,284.49
2018-08-17,323.53,284.98,256.36,283.87
2018-08-21,323.33,283.94,254.36,280.33
2018-08-22,322.93,283.56,252.73,278.99
2018-08-23,324.17,285.18,252.85,280.33
2018-08-24,324.25,284.79,251.62,280.4
2018-08-27,323.94,283.67,250.96,279.02
2018-08-28,323.74,283.41,249.27,276.89
2018-08-29,324.84,284.98,250.34,278.4
2018-08-30,326.53,288.1,250.38,279.37
2018-08-31,326.45,289.04,252.54,279.76
2018-09-03,326.76,289.92,253.47,281.4
2018-09-04,327.71,291.26,254.23,283.34
2018-09-05,328.37,291.29,254.54,283.86
2018-09-06,327.37,290.16,252.67,281.37
2018-09-07,324.55,288.78,251.69,278.7
2018-09-10,324.88,289.1,252.81,280.8
2018-09-11,324.51,286.82,250.8,279.39
2018-09-12,324.72,287.6,251.39,280.27
2018-09-13,325.52,288.78,251.33,280.23
2018-09-14,323.56,286.67,247.15,276.41
2018-09-17,324.79,288.76,248.96,278.74
2018-09-18,324.81,289.3,248.21,277.9
2018-09-19,323.4,286.31,245.9,276.32
2018-09-20,323.65,286.47,246.61,276.84
2018-09-21,323.42,287.02,243.45,274.25
2018-09-24,323.85,286.88,244.25,275.2
2018-09-25,323.8,284.86,243.86,275.29
2018-09-26,323.8,285.04,243.78,275.18
2018-09-27,323.65,284.97,245.18,276.39
2018-09-28,323.78,285.23,245.63,278.76
2018-10-01,323.43,283.01,244.52,278.65
2018-10-02,323.92,286.14,247.58,281.33
2018-10-03,322.89,283.03,245.04,278.98
2018-10-04,324.04,284.36,246.73,282.09
2018-10-05,325.1,284.58,248.46,282.87
2018-10-08,325.54,285.92,250.41,283.69
2018-10-09,325.35,285.2,250.49,283.46
2018-10-10,324.86,284.78,249.79,282.76
2018-10-11,325.32,284.9,251.02,281.74
2018-10-12,324.94,283.15,249.8,280.43
2018-10-15,324.15,283.15,250.87,280.12
2018-10-16,322.2,281.52,247.92,277.97
2018-10-17,322.3,281.17,248.34,278.64
2018-10-18,322.02,281.35,248.36,279.58
2018-10-19,323.51,283.6,251.26,282.52
2018-10-24,323,283.7,251.5,282.91
2018-10-25,323.86,284.36,252.75,283.79
2018-10-26,324.12,284.76,254.3,284.82
2018-10-29,324.44,285.01,254.16,285.07
2018-10-30,324.76,285.1,253.28,285.7
2018-10-31,324.69,284.69,253.14,286.4
2018-11-05,322.49,281.95,250.14,283.36
2018-11-06,322.11,281.08,249.47,282.4
2018-11-07,321.66,280.82,247.59,279.92
2018-11-08,321.53,280.72,247.56,281.45
2018-11-09,321.42,281.21,248.92,283.49
2018-11-12,321.81,283.19,250.9,285.88
2018-11-13,322.7,284.08,251.69,287.23
2018-11-14,322.91,283.74,251.55,286.52
2018-11-15,322.65,283.93,252.09,285.89
2018-11-16,321.62,281.59,250.13,283.62
2018-11-19,321.5,282.09,249.69,281.33
2018-11-20,321.76,283.51,250.38,281.53
2018-11-21,321.61,283.94,250.05,282.46
2018-11-22,321.66,283.84,249.78,282.08
2018-11-23,321.25,283.67,250.28,282.42
2018-11-26,322.34,284.37,250.29,283.4
2018-11-27,324.02,286.52,252.15,286.52
2018-11-28,324.32,287.66,252.72,287.49
2018-11-29,323.21,285.98,250.92,284.24
2018-11-30,323.55,285.63,250.72,284.54
2018-12-03,322.41,284.34,250.05,283.66
2018-12-04,323,284.87,250.99,282.99
2018-12-05,323.9,286.14,252.86,285.68
2018-12-06,323.66,286.21,253.43,285.41
2018-12-07,323.1,286.01,251.92,284.29
2018-12-10,323.21,286.17,251.21,283.19
2018-12-11,323.44,287.97,251.41,284.17
2018-12-12,323.59,287.43,251.59,285.5
2018-12-13,323.52,286.58,250.59,284.34
2018-12-14,323.72,287.44,252.5,286.66
2018-12-17,323.45,286.63,251.86,285.48
2018-12-18,323.3,286.58,252.82,284.17
2018-12-19,322.49,285.1,252.01,283.16
2018-12-20,321.95,283.99,251.07,280.47
2018-12-21,321.86,284.54,253.34,281.64
2018-12-27,321.18,284.31,254.28,281.89
2018-12-28,321.51,285.16,254.54,280.94
2019-01-02,322.16,286.4,258.59,281.73
2019-01-03,322.55,287.45,263.34,283.54
2019-01-04,321.25,285.43,260.76,281.72
2019-01-07,321.18,285.73,259.45,280.73
2019-01-08,321.4,286.23,257.76,280.65
2019-01-09,321.78,286.5,257.72,280.71
2019-01-10,321.75,286.02,258.26,279.18
2019-01-11,321.4,283.87,257.51,278.99
2019-01-14,321.17,285.09,259.05,280.16
2019-01-15,321.8,285.76,259.25,281.47
2019-01-16,323.52,286.9,261.01,283.54
2019-01-17,321.44,284.27,259.44,282.11
2019-01-18,318.92,281.46,255.36,279.8
2019-01-21,318.2,280.53,255.16,279.86
2019-01-22,318,280.71,255.69,279.9
2019-01-23,318.11,280.61,255.4,280.1
2019-01-24,318.76,282.67,255.96,280.92
2019-01-25,318.41,282.08,255.9,280.98
2019-01-28,317.85,280.85,254.66,278.6
2019-01-29,317.15,279.44,253.27,277.2
2019-01-30,317.13,278.49,253.66,277.43
2019-01-31,315.87,276.86,253.34,275.03
2019-02-01,317.23,278.63,253.99,276.65
2019-02-04,317.75,278.41,252.64,277.63
2019-02-05,317.75,278.07,252.95,278.24
2019-02-06,318.82,279.8,255.28,279.94
2019-02-07,319.55,280.91,256.02,281.67
2019-02-08,319.25,281.23,256.6,281.85
2019-02-11,319.65,281.95,256.48,282.8
2019-02-12,318.9,280.76,255.85,282.84
2019-02-13,317.9,279.16,253.69,280.81
2019-02-14,318.94,280.63,255.02,283.07
2019-02-15,318.05,280.09,255.33,281.88
2019-02-18,318.05,280.11,254.24,281.06
2019-02-19,318.19,280.22,254.09,281.48
2019-02-20,317.51,279.54,252.57,279.82
2019-02-21,317.37,279.68,253.1,280.21
2019-02-22,317.83,280.02,252.86,280.27
2019-02-25,318.03,280.37,253.12,280.2
2019-02-26,317.71,279.59,252.15,279.48
2019-02-27,316.39,278.49,251.41,277.63
2019-02-28,316.39,278.88,250.66,277.71
2019-03-01,315.85,277.95,248.42,278.01
2019-03-04,316.12,278.38,249.14,278.69
2019-03-05,315.55,278.25,248.75,278.53
2019-03-06,315.48,277.7,249.54,279.14
2019-03-07,315.3,277.5,249.56,278.78
2019-03-08,315.8,278.85,253.48,281.64
2019-03-11,315.65,278.3,252.2,280.5
2019-03-12,315.51,277.58,251.27,279.86
2019-03-13,314.75,276.95,250.28,278.61
2019-03-14,314.45,276.69,248.73,277.91
2019-03-18,314.33,276.64,248.38,276.92
2019-03-19,313.65,276.25,248.2,276.22
2019-03-20,312.82,275.69,247.1,275.61
2019-03-21,314.29,277.47,249.37,275.5
2019-03-22,315.83,280.41,252.8,279.4
2019-03-25,316.85,281.48,253.93,279.88
2019-03-26,316.23,281.45,253.13,279.4
2019-03-27,319.95,285.59,256.81,283.62
2019-03-28,320.17,285.76,257.81,284.47
2019-03-29,320.79,287.23,258.25,286.14
2019-04-01,321.19,287.32,257.25,285.6
2019-04-02,322.05,287.66,258.19,287.6
2019-04-03,319.72,285.38,255,284.35
2019-04-04,319.93,285.24,255.65,284.84
2019-04-05,320.61,285.44,255.56,285.44
2019-04-08,321.57,286.16,256.77,286.22
2019-04-09,321.01,285.01,255.55,284.53
2019-04-10,321.81,285.26,256.91,285.55
2019-04-11,321.49,284.58,256.48,284.98
2019-04-12,322.3,284.75,254.71,285.15
2019-04-15,320.69,282.67,253.06,283.35
2019-04-16,319.81,281.48,252.69,282.89
2019-04-17,319.21,279.99,251.82,282.09
2019-04-18,320.23,281.3,254.15,284.37
2019-04-23,320.77,279.95,254.88,285.13
2019-04-24,321.2,281.32,256.02,286.33
2019-04-25,322.12,283.28,258.29,288.95
2019-04-26,322.18,283.35,258.96,289.16
2019-04-29,322.61,283.48,258.57,288.95
2019-04-30,322.87,282.97,258.71,288.12
2019-05-02,324.32,284,259.4,289.31
2019-05-03,323.82,284.32,260.12,290.03
2019-05-06,323.69,284.41,261.4,289.42
2019-05-07,324.1,284.19,261.78,289.45
2019-05-08,324.49,284.7,263.07,289.77
2019-05-09,324.31,284.78,264.2,289.85
2019-05-10,323.51,284.14,262.2,288
2019-05-13,324.24,285.96,263.3,288.73
2019-05-14,324.04,286.06,262.8,288.21
2019-05-15,324.96,288.2,264.88,289.81
2019-05-16,324.2,286.63,263.74,288.95
2019-05-17,325.19,288.37,265.48,291.02
2019-05-20,326.38,289.92,265.94,292.59
2019-05-21,327.19,290.56,266.55,293.52
2019-05-22,326.71,289.65,265.12,292.75
2019-05-23,326.78,290.67,266.33,293.34
2019-05-24,326.19,290.77,266.21,291.61
2019-05-27,325.63,289.24,265.68,290.92
2019-05-28,326.4,290.59,267,291.64
2019-05-29,327.26,291.72,268.52,293.38
2019-05-30,325.49,289.62,266.47,292.34
2019-05-31,324.92,289.92,267.91,291.46
2019-06-03,324.35,291.02,267.93,290.12
2019-06-04,322.04,288.09,264.83,286.39
2019-06-05,321.71,287.47,263.46,285.2
2019-06-06,321.2,287.22,264.07,285.64
2019-06-07,321.54,287.18,263.04,285.43
2019-06-11,320.6,285.93,260.76,283.39
2019-06-12,321.87,286.4,262.35,283.99
2019-06-13,322.29,287.41,263.23,285.34
2019-06-14,321.94,286.79,263.66,285.41
2019-06-17,322.29,287.6,264.69,287.4
2019-06-18,322.2,287.94,265.87,287.94
2019-06-19,323.79,289.56,266.6,289.1
2019-06-20,324.29,290.85,266.48,287.24
2019-06-21,323.86,291.6,266.69,286.5
2019-06-24,324.06,291.49,265.05,284.61
2019-06-25,324.11,291.8,265.88,284.68
2019-06-26,323.51,291.9,265.06,284.81
2019-06-27,323.42,290.53,263.46,284.4
2019-06-28,323.54,291.66,263.87,284.08
2019-07-01,322.76,289.48,263.14,284.85
2019-07-02,322.88,289.42,264.17,285.89
2019-07-03,323.01,290.31,265.7,286.13
2019-07-04,322.39,289.66,265.08,285.81
2019-07-05,323.61,290.99,265.99,287.35
2019-07-08,324.66,291.62,266.68,289.05
2019-07-09,325.24,292.03,266.64,290.42
2019-07-10,325.93,292.97,266.51,290.36
2019-07-11,325.53,292.93,267.2,288.74
2019-07-12,325.68,293.05,266.89,289.18
2019-07-15,325.79,294.03,267.84,289
2019-07-16,325.41,294.06,267.85,289.38
2019-07-17,326.64,294.39,269.13,291.36
2019-07-18,326.58,294.94,269.68,290.55
2019-07-19,325.67,294.23,268.84,289.46
2019-07-22,324.95,295.03,268.55,289.69
2019-07-23,325.74,295.81,269.25,291.28
2019-07-24,325.82,296.68,270.66,292.5
2019-07-25,325.23,296.3,270.34,292.21
2019-07-26,326.59,295.69,269.85,293.27
2019-07-29,326.9,296.33,270.5,293.9
2019-07-30,327.84,296.93,270.89,294.11
2019-07-31,327.15,296.27,270.34,293.54
2019-08-01,326.42,296.94,270.84,295.46
2019-08-02,327.67,299.34,276.14,295.3
2019-08-05,327.45,301.23,277.26,293.76
2019-08-06,325.75,298.51,273.32,290.87
2019-08-07,325.25,297.21,273.57,290.64
2019-08-08,325.05,297.3,273.1,289.84
2019-08-09,324.55,297.59,273.71,289.91
2019-08-12,324.7,298.32,275.96,290.53
2019-08-13,324.11,298.15,275.01,289.59
2019-08-14,323.45,297.15,271.86,289.39
2019-08-15,326.13,300.05,275.75,292.52
2019-08-16,324.96,299.19,275.75,293.15
2019-08-21,327.36,301.02,276.86,294.97
2019-08-22,327.64,300.55,277.44,295.2
2019-08-23,328.38,300.54,278.27,296.72
2019-08-26,329.21,302.64,279.66,296.19
2019-08-27,329,302.06,279.87,296.05
2019-08-28,329.92,303.13,281.29,297.52
2019-08-29,330.19,303.12,280.45,298.06
2019-08-30,331.11,303.41,281.88,299.95
2019-09-02,331.01,304.49,283.86,301.66
2019-09-03,331.13,305.18,285.15,302.43
2019-09-04,328.5,302.63,280.97,298.42
2019-09-05,329.5,303.77,280.16,298.51
2019-09-06,329.85,302.21,279.2,298.86
2019-09-09,329.95,301.87,279.52,299.03
2019-09-10,331.13,302.59,279.55,299.96
2019-09-11,332.25,303.24,279.63,301.33
2019-09-12,331.37,303.42,278.61,300.54
2019-09-13,332.7,303.69,277.76,299.95
2019-09-16,331.89,303.02,278.34,300.08
2019-09-17,333.36,304.47,279.78,302.64
2019-09-18,333.12,303.01,278.77,301.68
2019-09-19,332.65,303.44,278.52,300.8
2019-09-20,332.5,303.66,278.85,300.96
2019-09-23,334.94,308.28,284.18,305.1
2019-09-24,335.29,307.91,283.33,304.98
2019-09-25,334.47,308.48,283.3,304.04
2019-09-26,334.45,307.71,284.06,305.71
2019-09-27,336.02,309.8,285.03,307.6
2019-09-30,334.65,308.19,283.63,306.06
2019-10-01,334.77,307.05,283.46,307.3
2019-10-02,334.81,307.14,285.18,307.02
2019-10-03,333.32,304.28,283.8,304.01
2019-10-04,332.45,303.85,283.68,302.94
2019-10-07,333.05,305.54,284.27,303.77
2019-10-08,333.99,306.24,283.58,303.88
2019-10-09,334.32,306.39,283.72,304.37
2019-10-10,333.63,305.21,281.91,302.8
2019-10-11,331.87,301.79,279.13,301.43
2019-10-14,331.5,301.67,277.59,300.52
2019-10-15,332.17,301.62,278.02,301.23
2019-10-16,332.58,302.21,277.16,301.33
2019-10-17,332.72,302.07,275.7,300.02
2019-10-18,330.95,300.98,273.6,297.4
2019-10-21,330.39,300.49,272.43,295.89
2019-10-22,330.19,299.85,273,296.37
2019-10-24,329.32,298.64,272.18,295.83
2019-10-25,329.1,298.53,272.55,295.93
2019-10-28,328.69,297.64,272.61,296.33
2019-10-29,328.62,298.01,272.47,296.67
2019-10-30,329.82,299.17,272.65,296.81
2019-10-31,329.82,299.35,272.79,295.43
2019-11-04,327.99,297.37,271.06,293.77
2019-11-05,329.1,298.52,271.64,295.71
2019-11-06,331.46,301.02,274.27,298.85
2019-11-07,332.56,302.26,275.24,300.2
2019-11-08,333.65,303.59,276.41,302.25
2019-11-11,334.34,304.52,278.17,303.12
2019-11-12,334.45,304.79,277.7,303.14
2019-11-13,334.95,307.22,279.24,304.09
2019-11-14,333.76,307.2,279.36,303.39
2019-11-15,334.61,306.46,279.39,303.67
2019-11-18,335.36,306.01,278.13,303.16
2019-11-19,334.91,305.15,278.17,302.59
2019-11-20,333.25,303.78,277.78,301.2
2019-11-21,333.75,303.95,277.4,301.06
2019-11-22,334.36,304.27,278.48,302.29
2019-11-25,335.04,304.95,279.46,304.22
2019-11-26,336.5,306.26,280.37,305.49
2019-11-27,335.91,305.77,279.47,305.1
2019-11-28,336.71,306.11,279.37,305.71
2019-11-29,334.7,304.25,277.57,304.13
2019-12-02,333.44,302.74,276.07,302.71
2019-12-03,332.29,303.03,274.96,299.79
2019-12-04,331.35,302.6,275.19,299.24
2019-12-05,330.96,301.67,273.87,298.38
2019-12-06,330.33,301.3,274.08,297.68
2019-12-09,331.73,302.74,276.29,299.77
2019-12-10,331.72,303.66,275.76,299.47
2019-12-11,330.28,302.55,274.16,297.98
2019-12-12,329.56,301.33,272.47,296.15
2019-12-13,328.82,299.35,268.23,294.11
2019-12-16,329.01,300.46,270.06,295.5
2019-12-17,330.45,301.31,270.36,296.37
2019-12-18,330.65,302.91,271.38,297
2019-12-19,331.39,303.26,271.6,297.56
2019-12-20,330.35,303.17,271.7,297.08
2019-12-23,330.83,304.45,272.88,298.48
2019-12-30,330.71,303.54,270.58,295.28
2019-12-31,330.52,304.39,271.37,294.74