Dátum,Energiafogyasztás
2015-01-01,105.85
2015-01-02,112.64
2015-01-03,112.21
2015-01-04,112.66
2015-01-05,127.54
2015-01-06,131.14
2015-01-07,135.13
2015-01-08,136.67
2015-01-09,133.35
2015-01-10,125.55
2015-01-11,116.88
2015-01-12,128.98
2015-01-13,130.88
2015-01-14,130.84
2015-01-15,130.26
2015-01-16,130.15
2015-01-17,119.42
2015-01-18,114.55
2015-01-19,129.69
2015-01-20,131.93
2015-01-21,131.8
2015-01-22,130.92
2015-01-23,132.56
2015-01-24,121.97
2015-01-25,116.65
2015-01-26,130.36
2015-01-27,134.73
2015-01-28,133.64
2015-01-29,135.29
2015-01-30,134.59
2015-01-31,122.42
2015-02-01,117.82
2015-02-02,130.99
2015-02-03,133.27
2015-02-04,135.11
2015-02-05,133.81
2015-02-06,134.26
2015-02-07,122.72
2015-02-08,118.16
2015-02-09,133.32
2015-02-10,133.85
2015-02-11,131.97
2015-02-12,131.79
2015-02-13,131.21
2015-02-14,121.01
2015-02-15,115.08
2015-02-16,128.82
2015-02-17,132.89
2015-02-18,132.75
2015-02-19,132.53
2015-02-20,130.26
2015-02-21,119.67
2015-02-22,113.68
2015-02-23,128.9
2015-02-24,129.55
2015-02-25,130.76
2015-02-26,131.68
2015-02-27,129.09
2015-02-28,117.66
2015-03-01,112.15
2015-03-02,126.82
2015-03-03,127.39
2015-03-04,128.9
2015-03-05,129.22
2015-03-06,128.37
2015-03-07,118.05
2015-03-08,111.67
2015-03-09,125.08
2015-03-10,126.27
2015-03-11,128.46
2015-03-12,125.36
2015-03-13,129.58
2015-03-14,117.94
2015-03-15,106.24
2015-03-16,121.83
2015-03-17,125.52
2015-03-18,125.9
2015-03-19,126.25
2015-03-20,125.46
2015-03-21,115.89
2015-03-22,109.03
2015-03-23,121.94
2015-03-24,124.68
2015-03-25,124.76
2015-03-26,123.34
2015-03-27,123.4
2015-03-28,114.88
2015-03-29,103.05
2015-03-30,122.56
2015-03-31,124.95
2015-04-01,123.76
2015-04-02,126.43
2015-04-03,124.96
2015-04-04,112.32
2015-04-05,99.3
2015-04-06,97.03
2015-04-07,119.02
2015-04-08,124.25
2015-04-09,122.84
2015-04-10,120.33
2015-04-11,108.86
2015-04-12,101.83
2015-04-13,115.9
2015-04-14,117.5
2015-04-15,117.62
2015-04-16,117.64
2015-04-17,117.21
2015-04-18,107.28
2015-04-19,101.02
2015-04-20,115.83
2015-04-21,118.05
2015-04-22,117.63
2015-04-23,117.58
2015-04-24,116.61
2015-04-25,107.68
2015-04-26,100.96
2015-04-27,114.9
2015-04-28,119.3
2015-04-29,119.36
2015-04-30,116.26
2015-05-01,97.8
2015-05-02,100.42
2015-05-03,99.13
2015-05-04,115.37
2015-05-05,119.29
2015-05-06,119.96
2015-05-07,118.49
2015-05-08,117.42
2015-05-09,107.87
2015-05-10,99.31
2015-05-11,112.92
2015-05-12,117.47
2015-05-13,119.47
2015-05-14,119.23
2015-05-15,117
2015-05-16,106.83
2015-05-17,98.93
2015-05-18,113.56
2015-05-19,118.08
2015-05-20,118.43
2015-05-21,119.15
2015-05-22,118.31
2015-05-23,106.8
2015-05-24,93.97
2015-05-25,93.28
2015-05-26,113.52
2015-05-27,117.79
2015-05-28,117.31
2015-05-29,116.33
2015-05-30,107.19
2015-05-31,98.18
2015-06-01,114.88
2015-06-02,119.87
2015-06-03,122.71
2015-06-04,124.14
2015-06-05,120.02
2015-06-06,109.68
2015-06-07,103.11
2015-06-08,120.93
2015-06-09,122.5
2015-06-10,122.41
2015-06-11,125.41
2015-06-12,125.83
2015-06-13,114.78
2015-06-14,106.68
2015-06-15,120.77
2015-06-16,119.42
2015-06-17,118.39
2015-06-18,118.58
2015-06-19,118.14
2015-06-20,106.38
2015-06-21,98.55
2015-06-22,114.28
2015-06-23,118.67
2015-06-24,117.76
2015-06-25,117.84
2015-06-26,116.82
2015-06-27,107.78
2015-06-28,99.1
2015-06-29,115.88
2015-06-30,119.89
2015-07-01,121.51
2015-07-02,124.39
2015-07-03,123.52
2015-07-04,113.34
2015-07-05,106.59
2015-07-06,127.28
2015-07-07,133.76
2015-07-08,131.15
2015-07-09,121.31
2015-07-10,118.55
2015-07-11,107.78
2015-07-12,102
2015-07-13,117.51
2015-07-14,120.64
2015-07-15,124.11
2015-07-16,127.2
2015-07-17,130.31
2015-07-18,118.19
2015-07-19,110.71
2015-07-20,126.66
2015-07-21,129.42
2015-07-22,133.08
2015-07-23,132.69
2015-07-24,131.75
2015-07-25,117.68
2015-07-26,99.34
2015-07-27,111.12
2015-07-28,112.33
2015-07-29,113.15
2015-07-30,112.01
2015-07-31,110.12
2015-08-01,101.37
2015-08-02,95.42
2015-08-03,113.11
2015-08-04,119.15
2015-08-05,121.47
2015-08-06,123.45
2015-08-07,125.03
2015-08-08,118.26
2015-08-09,107.39
2015-08-10,121.5
2015-08-11,125.18
2015-08-12,127.17
2015-08-13,128.59
2015-08-14,128.08
2015-08-15,116.95
2015-08-16,103.96
2015-08-17,116.31
2015-08-18,113.68
2015-08-19,111.87
2015-08-20,93.52
2015-08-21,96.53
2015-08-22,96.86
2015-08-23,95.11
2015-08-24,113.21
2015-08-25,117.96
2015-08-26,120.18
2015-08-27,122.45
2015-08-28,125.28
2015-08-29,116.64
2015-08-30,110.43
2015-08-31,127.94
2015-09-01,130.5
2015-09-02,127.53
2015-09-03,125.31
2015-09-04,122.75
2015-09-05,110.85
2015-09-06,101.14
2015-09-07,114.74
2015-09-08,118.4
2015-09-09,118.97
2015-09-10,121.68
2015-09-11,122.22
2015-09-12,109.62
2015-09-13,102.3
2015-09-14,117.75
2015-09-15,123.06
2015-09-16,124.51
2015-09-17,128.27
2015-09-18,126.25
2015-09-19,114.17
2015-09-20,104.28
2015-09-21,117.06
2015-09-22,120.09
2015-09-23,121.88
2015-09-24,123.01
2015-09-25,124.82
2015-09-26,112.84
2015-09-27,104.35
2015-09-28,118.98
2015-09-29,122.62
2015-09-30,123.12
2015-10-01,123.32
2015-10-02,122.15
2015-10-03,112.89
2015-10-04,105.28
2015-10-05,120.65
2015-10-06,124.23
2015-10-07,124.25
2015-10-08,126.76
2015-10-09,125.44
2015-10-10,115.45
2015-10-11,109.64
2015-10-12,124.49
2015-10-13,127.63
2015-10-14,129.31
2015-10-15,129.81
2015-10-16,128.95
2015-10-17,117.83
2015-10-18,109.4
2015-10-19,126.51
2015-10-20,128.5
2015-10-21,127.34
2015-10-22,126.22
2015-10-23,107.36
2015-10-24,108.61
2015-10-25,111.58
2015-10-26,124.12
2015-10-27,127.91
2015-10-28,130.22
2015-10-29,130.17
2015-10-30,128.03
2015-10-31,116.61
2015-11-01,105.04
2015-11-02,124.51
2015-11-03,130.55
2015-11-04,130.59
2015-11-05,132.49
2015-11-06,132.26
2015-11-07,120.83
2015-11-08,111.06
2015-11-09,127.19
2015-11-10,128.24
2015-11-11,127.12
2015-11-12,126.61
2015-11-13,126.66
2015-11-14,116.13
2015-11-15,110.78
2015-11-16,124.07
2015-11-17,126.55
2015-11-18,126.97
2015-11-19,127.27
2015-11-20,127.36
2015-11-21,118.79
2015-11-22,111.81
2015-11-23,126.53
2015-11-24,131.29
2015-11-25,133.34
2015-11-26,134.5
2015-11-27,134.21
2015-11-28,124.99
2015-11-29,115.41
2015-11-30,129.35
2015-12-01,131.92
2015-12-02,132.65
2015-12-03,134.15
2015-12-04,133.22
2015-12-05,123.06
2015-12-06,116.21
2015-12-07,130.81
2015-12-08,133.26
2015-12-09,134.33
2015-12-10,133.94
2015-12-11,132.76
2015-12-12,126.47
2015-12-13,117.97
2015-12-14,130.83
2015-12-15,133.12
2015-12-16,133.09
2015-12-17,133.06
2015-12-18,128.42
2015-12-19,117.27
2015-12-20,113.45
2015-12-21,122.39
2015-12-22,121.03
2015-12-23,116.97
2015-12-24,107.15
2015-12-25,99.23
2015-12-26,98.97
2015-12-27,102.83
2015-12-28,110.89
2015-12-29,111.15
2015-12-30,111.88
2015-12-31,110.07
2016-01-01,103.91
2016-01-02,111.82
2016-01-03,112.85
2016-01-04,132.34
2016-01-05,136.33
2016-01-06,137.34
2016-01-07,135.19
2016-01-08,135.67
2016-01-09,125.78
2016-01-10,117.13
2016-01-11,130.56
2016-01-12,129.95
2016-01-13,131.4
2016-01-14,132.48
2016-01-15,134.01
2016-01-16,123.01
2016-01-17,116.8
2016-01-18,132.96
2016-01-19,137.61
2016-01-20,137.78
2016-01-21,138.34
2016-01-22,138.13
2016-01-23,129.83
2016-01-24,121.25
2016-01-25,136.45
2016-01-26,136.55
2016-01-27,136.39
2016-01-28,134.1
2016-01-29,132.83
2016-01-30,121.94
2016-01-31,114.45
2016-02-01,130.24
2016-02-02,130.84
2016-02-03,132.45
2016-02-04,131.66
2016-02-05,131.64
2016-02-06,120.22
2016-02-07,112.9
2016-02-08,128.66
2016-02-09,129.41
2016-02-10,133.61
2016-02-11,131.55
2016-02-12,130.53
2016-02-13,121.51
2016-02-14,112.33
2016-02-15,128.89
2016-02-16,131.09
2016-02-17,131.34
2016-02-18,130.73
2016-02-19,131.35
2016-02-20,118.85
2016-02-21,111.75
2016-02-22,123.56
2016-02-23,128.82
2016-02-24,128.87
2016-02-25,131.04
2016-02-26,127.87
2016-02-27,117.43
2016-02-28,109.94
2016-02-29,126.38
2016-03-01,129.66
2016-03-02,128.54
2016-03-03,129.12
2016-03-04,128.16
2016-03-05,122.14
2016-03-06,111.73
2016-03-07,127.7
2016-03-08,129.28
2016-03-09,127.35
2016-03-10,128.27
2016-03-11,126.41
2016-03-12,116.75
2016-03-13,106.88
2016-03-14,107.4
2016-03-15,106.47
2016-03-16,123.99
2016-03-17,127.41
2016-03-18,126.45
2016-03-19,118.3
2016-03-20,109.97
2016-03-21,124.07
2016-03-22,126.79
2016-03-23,128.78
2016-03-24,127.16
2016-03-25,125.53
2016-03-26,115.82
2016-03-27,96.79
2016-03-28,97.34
2016-03-29,120.05
2016-03-30,124.2
2016-03-31,122.17
2016-04-01,120.8
2016-04-02,111.21
2016-04-03,102.88
2016-04-04,116.57
2016-04-05,117.86
2016-04-06,118.65
2016-04-07,119.02
2016-04-08,120.44
2016-04-09,110.12
2016-04-10,103.38
2016-04-11,116.76
2016-04-12,118.48
2016-04-13,118.61
2016-04-14,119.54
2016-04-15,117.85
2016-04-16,107.44
2016-04-17,99.85
2016-04-18,114.68
2016-04-19,117.8
2016-04-20,119.04
2016-04-21,119.74
2016-04-22,118.23
2016-04-23,108.64
2016-04-24,104.4
2016-04-25,119.94
2016-04-26,120.87
2016-04-27,125.43
2016-04-28,123.28
2016-04-29,121.53
2016-04-30,108.23
2016-05-01,97.78
2016-05-02,116.52
2016-05-03,120.47
2016-05-04,121.09
2016-05-05,120.69
2016-05-06,118.72
2016-05-07,108.9
2016-05-08,101.92
2016-05-09,115.04
2016-05-10,120.46
2016-05-11,119.21
2016-05-12,121.2
2016-05-13,117.62
2016-05-14,107.74
2016-05-15,97.21
2016-05-16,94.63
2016-05-17,114.64
2016-05-18,119.4
2016-05-19,119.52
2016-05-20,118.3
2016-05-21,107.79
2016-05-22,101.09
2016-05-23,115.63
2016-05-24,118.06
2016-05-25,117.45
2016-05-26,117.99
2016-05-27,118.78
2016-05-28,109.48
2016-05-29,103.45
2016-05-30,115.96
2016-05-31,118.01
2016-06-01,116.6
2016-06-02,117.72
2016-06-03,116.45
2016-06-04,107.79
2016-06-05,101.94
2016-06-06,115.42
2016-06-07,116.15
2016-06-08,116.57
2016-06-09,119.1
2016-06-10,117.77
2016-06-11,108.13
2016-06-12,101.73
2016-06-13,115.51
2016-06-14,118.57
2016-06-15,119.98
2016-06-16,121.62
2016-06-17,122.5
2016-06-18,110.05
2016-06-19,104.28
2016-06-20,119.32
2016-06-21,123.12
2016-06-22,126.22
2016-06-23,129.91
2016-06-24,133.05
2016-06-25,122.1
2016-06-26,112.75
2016-06-27,121.66
2016-06-28,122.56
2016-06-29,124.49
2016-06-30,127.35
2016-07-01,127.82
2016-07-02,117.42
2016-07-03,105.44
2016-07-04,118.37
2016-07-05,123.35
2016-07-06,123.93
2016-07-07,121.81
2016-07-08,122.33
2016-07-09,112.42
2016-07-10,107.21
2016-07-11,125.46
2016-07-12,130.88
2016-07-13,130.28
2016-07-14,121.62
2016-07-15,116.91
2016-07-16,108.57
2016-07-17,100.16
2016-07-18,113.81
2016-07-19,116.6
2016-07-20,118.25
2016-07-21,119.74
2016-07-22,120.27
2016-07-23,110.94
2016-07-24,104.96
2016-07-25,117.2
2016-07-26,119.12
2016-07-27,119.9
2016-07-28,118.36
2016-07-29,117.06
2016-07-30,108.53
2016-07-31,103.41
2016-08-01,112.97
2016-08-02,114.86
2016-08-03,114.87
2016-08-04,118.44
2016-08-05,119.64
2016-08-06,104.7
2016-08-07,98.9
2016-08-08,111.43
2016-08-09,116.28
2016-08-10,115.97
2016-08-11,112.85
2016-08-12,111.24
2016-08-13,103.52
2016-08-14,100.26
2016-08-15,114.82
2016-08-16,115.85
2016-08-17,115.81
2016-08-18,114.99
2016-08-19,115.61
2016-08-20,98.22
2016-08-21,99.9
2016-08-22,114.9
2016-08-23,117.13
2016-08-24,119.27
2016-08-25,120.32
2016-08-26,120.03
2016-08-27,109.84
2016-08-28,103.98
2016-08-29,120.28
2016-08-30,121.62
2016-08-31,121.14
2016-09-01,119.85
2016-09-02,120.29
2016-09-03,110.24
2016-09-04,103.84
2016-09-05,117.35
2016-09-06,118.47
2016-09-07,120.89
2016-09-08,122.04
2016-09-09,122.15
2016-09-10,110.87
2016-09-11,105.6
2016-09-12,120.49
2016-09-13,123.12
2016-09-14,123.17
2016-09-15,123.62
2016-09-16,123.83
2016-09-17,112.12
2016-09-18,103.45
2016-09-19,116.72
2016-09-20,117.9
2016-09-21,118.36
2016-09-22,119.13
2016-09-23,118.7
2016-09-24,109.25
2016-09-25,102.21
2016-09-26,116.11
2016-09-27,120.32
2016-09-28,121.47
2016-09-29,120.86
2016-09-30,120.31
2016-10-01,109.69
2016-10-02,104.06
2016-10-03,118.88
2016-10-04,123.56
2016-10-05,123.18
2016-10-06,127.6
2016-10-07,125.58
2016-10-08,114.04
2016-10-09,108.79
2016-10-10,122.97
2016-10-11,129.27
2016-10-12,128.9
2016-10-13,128.02
2016-10-14,127.25
2016-10-15,120.28
2016-10-16,110.62
2016-10-17,125.48
2016-10-18,127.42
2016-10-19,128.94
2016-10-20,129.98
2016-10-21,129.64
2016-10-22,115.26
2016-10-23,105.52
2016-10-24,123.88
2016-10-25,127.27
2016-10-26,128.27
2016-10-27,128.84
2016-10-28,127.57
2016-10-29,117.43
2016-10-30,112.67
2016-10-31,108.28
2016-11-01,101.89
2016-11-02,122.63
2016-11-03,128.05
2016-11-04,129.27
2016-11-05,120.82
2016-11-06,112.36
2016-11-07,126.42
2016-11-08,130.88
2016-11-09,130.74
2016-11-10,132.37
2016-11-11,131.29
2016-11-12,123.82
2016-11-13,116.05
2016-11-14,130.93
2016-11-15,134.56
2016-11-16,136.29
2016-11-17,135.89
2016-11-18,132.67
2016-11-19,120.52
2016-11-20,112.6
2016-11-21,126.72
2016-11-22,129.37
2016-11-23,131.08
2016-11-24,132.34
2016-11-25,132.26
2016-11-26,120.62
2016-11-27,114.91
2016-11-28,130.38
2016-11-29,135.48
2016-11-30,136.85
2016-12-01,137.87
2016-12-02,134.7
2016-12-03,124.7
2016-12-04,119.92
2016-12-05,135.79
2016-12-06,140.82
2016-12-07,139.89
2016-12-08,143.08
2016-12-09,139.73
2016-12-10,126.04
2016-12-11,118.63
2016-12-12,132.98
2016-12-13,136.22
2016-12-14,139.34
2016-12-15,139.19
2016-12-16,135.87
2016-12-17,129.32
2016-12-18,124.01
2016-12-19,135.52
2016-12-20,135.21
2016-12-21,135.25
2016-12-22,131.66
2016-12-23,126.45
2016-12-24,114.92
2016-12-25,105.53
2016-12-26,103.03
2016-12-27,111.36
2016-12-28,114.49
2016-12-29,115.29
2016-12-30,115.19
2016-12-31,112.32
2017-01-01,108.53
2017-01-02,129.76
2017-01-03,133.45
2017-01-04,136.85
2017-01-05,137.16
2017-01-06,140.33
2017-01-07,131.09
2017-01-08,127.19
2017-01-09,141.13
2017-01-10,145.15
2017-01-11,145.74
2017-01-12,145.09
2017-01-13,144.06
2017-01-14,129.55
2017-01-15,123.56
2017-01-16,140.04
2017-01-17,142.24
2017-01-18,142.18
2017-01-19,143.29
2017-01-20,143.78
2017-01-21,134.01
2017-01-22,127.59
2017-01-23,143.08
2017-01-24,146.14
2017-01-25,145.99
2017-01-26,143.7
2017-01-27,146.78
2017-01-28,135.76
2017-01-29,128.54
2017-01-30,143.69
2017-01-31,145.97
2017-02-01,143.12
2017-02-02,140.39
2017-02-03,135.34
2017-02-04,124.39
2017-02-05,117.01
2017-02-06,132.38
2017-02-07,136.01
2017-02-08,137.47
2017-02-09,139.18
2017-02-10,137.29
2017-02-11,126.32
2017-02-12,119.8
2017-02-13,134.86
2017-02-14,138.84
2017-02-15,139.87
2017-02-16,141.13
2017-02-17,140.18
2017-02-18,127.23
2017-02-19,119.3
2017-02-20,134.07
2017-02-21,135.59
2017-02-22,133.49
2017-02-23,132.2
2017-02-24,131.54
2017-02-25,120.38
2017-02-26,114.83
2017-02-27,127.89
2017-02-28,128.14
2017-03-01,131.39
2017-03-02,130.98
2017-03-03,128.4
2017-03-04,117.65
2017-03-05,112.61
2017-03-06,126.4
2017-03-07,129.27
2017-03-08,129.58
2017-03-09,131.66
2017-03-10,131.84
2017-03-11,119.71
2017-03-12,113.34
2017-03-13,124.82
2017-03-14,127.16
2017-03-15,109.63
2017-03-16,122.72
2017-03-17,125.49
2017-03-18,119.5
2017-03-19,111.47
2017-03-20,124.17
2017-03-21,126.28
2017-03-22,124.63
2017-03-23,124.71
2017-03-24,123.81
2017-03-25,113.6
2017-03-26,104.31
2017-03-27,122.4
2017-03-28,124.05
2017-03-29,124.84
2017-03-30,124.12
2017-03-31,122.05
2017-04-01,110.71
2017-04-02,104.21
2017-04-03,117.23
2017-04-04,120.41
2017-04-05,121.23
2017-04-06,123.79
2017-04-07,124.82
2017-04-08,112.7
2017-04-09,105.14
2017-04-10,118.51
2017-04-11,121.48
2017-04-12,122.64
2017-04-13,122.96
2017-04-14,104.09
2017-04-15,103.34
2017-04-16,96.06
2017-04-17,93.47
2017-04-18,120.03
2017-04-19,130.71
2017-04-20,131.44
2017-04-21,126.27
2017-04-22,117.13
2017-04-23,108.62
2017-04-24,120.24
2017-04-25,122.46
2017-04-26,122.87
2017-04-27,124.01
2017-04-28,123.82
2017-04-29,113.67
2017-04-30,104.77
2017-05-01,98.07
2017-05-02,116.01
2017-05-03,122.38
2017-05-04,120.68
2017-05-05,120.9
2017-05-06,109.74
2017-05-07,104.49
2017-05-08,117.22
2017-05-09,121.24
2017-05-10,120.97
2017-05-11,121.05
2017-05-12,120.26
2017-05-13,110.27
2017-05-14,103.44
2017-05-15,116.14
2017-05-16,119.94
2017-05-17,119.88
2017-05-18,120.73
2017-05-19,119.5
2017-05-20,109.68
2017-05-21,102.84
2017-05-22,116.86
2017-05-23,121.46
2017-05-24,121.28
2017-05-25,119.59
2017-05-26,119.48
2017-05-27,108.99
2017-05-28,102.65
2017-05-29,117.52
2017-05-30,122.96
2017-05-31,125.62
2017-06-01,125.94
2017-06-02,123.7
2017-06-03,113.33
2017-06-04,100.28
2017-06-05,98.52
2017-06-06,120.86
2017-06-07,121.93
2017-06-08,121.17
2017-06-09,121.61
2017-06-10,110.87
2017-06-11,104.8
2017-06-12,121.54
2017-06-13,125.72
2017-06-14,124.22
2017-06-15,124.65
2017-06-16,123.35
2017-06-17,108.16
2017-06-18,103.25
2017-06-19,119.61
2017-06-20,125.51
2017-06-21,129.44
2017-06-22,131.43
2017-06-23,129.87
2017-06-24,117.69
2017-06-25,109.41
2017-06-26,123.29
2017-06-27,129.04
2017-06-28,133.05
2017-06-29,128.69
2017-06-30,126.75
2017-07-01,112.1
2017-07-02,104.92
2017-07-03,119.6
2017-07-04,122.79
2017-07-05,127.13
2017-07-06,129.18
2017-07-07,126.98
2017-07-08,116.4
2017-07-09,110.67
2017-07-10,129.15
2017-07-11,129.8
2017-07-12,128.68
2017-07-13,124.12
2017-07-14,119.67
2017-07-15,107.08
2017-07-16,99.05
2017-07-17,115.29
2017-07-18,121.13
2017-07-19,124.22
2017-07-20,127.2
2017-07-21,127.02
2017-07-22,114.03
2017-07-23,108.31
2017-07-24,119.72
2017-07-25,114.52
2017-07-26,114.28
2017-07-27,113.81
2017-07-28,114.65
2017-07-29,104.9
2017-07-30,101.69
2017-07-31,119.34
2017-08-01,125.94
2017-08-02,128.23
2017-08-03,131.1
2017-08-04,132.44
2017-08-05,120.41
2017-08-06,110.94
2017-08-07,114.35
2017-08-08,117.5
2017-08-09,125.93
2017-08-10,131.87
2017-08-11,130.2
2017-08-12,111.74
2017-08-13,102.46
2017-08-14,116.22
2017-08-15,121.1
2017-08-16,123.39
2017-08-17,126.46
2017-08-18,127.18
2017-08-19,113.46
2017-08-20,99.3
2017-08-21,114.3
2017-08-22,119.57
2017-08-23,120.74
2017-08-24,121.94
2017-08-25,125.16
2017-08-26,117.3
2017-08-27,112.2
2017-08-28,123.84
2017-08-29,124.97
2017-08-30,125.27
2017-08-31,127.43
2017-09-01,126.1
2017-09-02,112.07
2017-09-03,105.17
2017-09-04,117.93
2017-09-05,121.26
2017-09-06,122.9
2017-09-07,124.73
2017-09-08,121.98
2017-09-09,112.08
2017-09-10,107.37
2017-09-11,123.62
2017-09-12,124.95
2017-09-13,123.68
2017-09-14,125.26
2017-09-15,122.86
2017-09-16,112.81
2017-09-17,108.04
2017-09-18,119.17
2017-09-19,126.6
2017-09-20,127.55
2017-09-21,130.02
2017-09-22,125.82
2017-09-23,116.24
2017-09-24,108.95
2017-09-25,122.52
2017-09-26,125.32
2017-09-27,126.35
2017-09-28,126.65
2017-09-29,125.66
2017-09-30,116.79
2017-10-01,108.7
2017-10-02,122.7
2017-10-03,128
2017-10-04,126.87
2017-10-05,128.53
2017-10-06,127.53
2017-10-07,115.89
2017-10-08,110.89
2017-10-09,124.46
2017-10-10,128.22
2017-10-11,127.85
2017-10-12,128.1
2017-10-13,126.32
2017-10-14,116.51
2017-10-15,109.63
2017-10-16,124.14
2017-10-17,126.57
2017-10-18,127.09
2017-10-19,127.33
2017-10-20,127.4
2017-10-21,117.14
2017-10-22,109.79
2017-10-23,107.15
2017-10-24,123.34
2017-10-25,128.18
2017-10-26,129.75
2017-10-27,131.22
2017-10-28,119.38
2017-10-29,115.87
2017-10-30,125.99
2017-10-31,129.68
2017-11-01,108.11
2017-11-02,124.42
2017-11-03,126.87
2017-11-04,118.52
2017-11-05,112.68
2017-11-06,127.22
2017-11-07,130.14
2017-11-08,133.35
2017-11-09,133.16
2017-11-10,131.49
2017-11-11,124.28
2017-11-12,117.79
2017-11-13,130.82
2017-11-14,133.87
2017-11-15,133.8
2017-11-16,135.02
2017-11-17,134.92
2017-11-18,123.68
2017-11-19,117.21
2017-11-20,130.96
2017-11-21,136.53
2017-11-22,135.05
2017-11-23,136.24
2017-11-24,134.84
2017-11-25,124.98
2017-11-26,119.58
2017-11-27,133.07
2017-11-28,137.12
2017-11-29,140.79
2017-11-30,142.17
2017-12-01,138.45
2017-12-02,130.41
2017-12-03,122.36
2017-12-04,139.97
2017-12-05,140.71
2017-12-06,140.01
2017-12-07,140.76
2017-12-08,140.51
2017-12-09,129.89
2017-12-10,123.52
2017-12-11,138.7
2017-12-12,138.56
2017-12-13,139.23
2017-12-14,139.95
2017-12-15,135.44
2017-12-16,126.41
2017-12-17,122.48
2017-12-18,135.83
2017-12-19,131.18
2017-12-20,137.31
2017-12-21,135.19
2017-12-22,127.47
2017-12-23,119.42
2017-12-24,107.38
2017-12-25,101.7
2017-12-26,103.03
2017-12-27,111
2017-12-28,114.21
2017-12-29,114.23
2017-12-30,112.96
2017-12-31,109.01
2018-01-01,101.22
2018-01-02,121.54
2018-01-03,129.98
2018-01-04,131.86
2018-01-05,132.43
2018-01-06,122.03
2018-01-07,115.88
2018-01-08,130.72
2018-01-09,134.1
2018-01-10,135.78
2018-01-11,137.36
2018-01-12,136.16
2018-01-13,127.28
2018-01-14,121.73
2018-01-15,138.78
2018-01-16,143.46
2018-01-17,142.3
2018-01-18,139.35
2018-01-19,138.74
2018-01-20,127.27
2018-01-21,122.75
2018-01-22,136.98
2018-01-23,139.98
2018-01-24,139.96
2018-01-25,138.59
2018-01-26,139.52
2018-01-27,126.92
2018-01-28,120.39
2018-01-29,132.43
2018-01-30,134.62
2018-01-31,136.88
2018-02-01,137.12
2018-02-02,136.81
2018-02-03,128.18
2018-02-04,120.23
2018-02-05,136.22
2018-02-06,142.14
2018-02-07,143.31
2018-02-08,143.02
2018-02-09,139.44
2018-02-10,128.56
2018-02-11,120.57
2018-02-12,136.39
2018-02-13,142.06
2018-02-14,142.51
2018-02-15,140.57
2018-02-16,140.17
2018-02-17,128.6
2018-02-18,121.84
2018-02-19,134.93
2018-02-20,142.55
2018-02-21,141.22
2018-02-22,141.79
2018-02-23,140.84
2018-02-24,129.42
2018-02-25,124.67
2018-02-26,141.33
2018-02-27,146.49
2018-02-28,146.73
2018-03-01,146.8
2018-03-02,147.51
2018-03-03,133.47
2018-03-04,125.11
2018-03-05,137.96
2018-03-06,140.93
2018-03-07,137.38
2018-03-08,138.53
2018-03-09,135.94
2018-03-10,128.85
2018-03-11,117.19
2018-03-12,127.82
2018-03-13,127.73
2018-03-14,129.33
2018-03-15,112.15
2018-03-16,116.35
2018-03-17,118.41
2018-03-18,118.1
2018-03-19,136.9
2018-03-20,140.06
2018-03-21,139.3
2018-03-22,138.07
2018-03-23,137.47
2018-03-24,128.62
2018-03-25,116.7
2018-03-26,133.87
2018-03-27,135.33
2018-03-28,134.56
2018-03-29,134.97
2018-03-30,113.6
2018-03-31,112.56
2018-04-01,104.45
2018-04-02,100.48
2018-04-03,122.43
2018-04-04,127.79
2018-04-05,126.74
2018-04-06,127.35
2018-04-07,118.91
2018-04-08,107.89
2018-04-09,119.64
2018-04-10,123.27
2018-04-11,122.78
2018-04-12,122.26
2018-04-13,122.51
2018-04-14,111.86
2018-04-15,105.87
2018-04-16,121.31
2018-04-17,122.78
2018-04-18,121.94
2018-04-19,123.3
2018-04-20,122.02
2018-04-21,115.42
2018-04-22,105.97
2018-04-23,119.91
2018-04-24,122.18
2018-04-25,123.05
2018-04-26,123.2
2018-04-27,120.33
2018-04-28,109.8
2018-04-29,103.79
2018-04-30,103.39
2018-05-01,95.37
2018-05-02,116.86
2018-05-03,121.76
2018-05-04,122.79
2018-05-05,112.69
2018-05-06,103.71
2018-05-07,117.81
2018-05-08,121.71
2018-05-09,123.48
2018-05-10,124.34
2018-05-11,123.72
2018-05-12,111.63
2018-05-13,103.65
2018-05-14,116.73
2018-05-15,121.42
2018-05-16,121.61
2018-05-17,121.69
2018-05-18,120.56
2018-05-19,108.56
2018-05-20,95.39
2018-05-21,94.57
2018-05-22,116.38
2018-05-23,122.76
2018-05-24,125
2018-05-25,123.6
2018-05-26,112.51
2018-05-27,106.63
2018-05-28,122.57
2018-05-29,126
2018-05-30,126.97
2018-05-31,129.6
2018-06-01,128.45
2018-06-02,115.71
2018-06-03,108.74
2018-06-04,123.77
2018-06-05,127.5
2018-06-06,126.86
2018-06-07,124.41
2018-06-08,125.5
2018-06-09,112.92
2018-06-10,106.59
2018-06-11,126.33
2018-06-12,132.38
2018-06-13,127.2
2018-06-14,125.44
2018-06-15,122.65
2018-06-16,112.32
2018-06-17,106.94
2018-06-18,122.12
2018-06-19,127.88
2018-06-20,131.49
2018-06-21,134.65
2018-06-22,124.7
2018-06-23,108.7
2018-06-24,103.22
2018-06-25,118.95
2018-06-26,122.36
2018-06-27,124.23
2018-06-28,124.86
2018-06-29,125.92
2018-06-30,111.13
2018-07-01,103.47
2018-07-02,118.44
2018-07-03,123.78
2018-07-04,126.47
2018-07-05,128.97
2018-07-06,128.02
2018-07-07,113.67
2018-07-08,106.69
2018-07-09,122.66
2018-07-10,126.29
2018-07-11,126.05
2018-07-12,124.07
2018-07-13,122.71
2018-07-14,111.1
2018-07-15,104.65
2018-07-16,120.67
2018-07-17,122.77
2018-07-18,118.54
2018-07-19,122.86
2018-07-20,122.81
2018-07-21,111.44
2018-07-22,103.57
2018-07-23,116.68
2018-07-24,119.49
2018-07-25,121.28
2018-07-26,122.99
2018-07-27,122.51
2018-07-28,111.05
2018-07-29,108.09
2018-07-30,124.29
2018-07-31,126.99
2018-08-01,128.46
2018-08-02,127.42
2018-08-03,126.74
2018-08-04,113.7
2018-08-05,108.49
2018-08-06,124.73
2018-08-07,128.59
2018-08-08,131.34
2018-08-09,134.15
2018-08-10,132.19
2018-08-11,114.52
2018-08-12,107.84
2018-08-13,124.98
2018-08-14,127.88
2018-08-15,125.3
2018-08-16,125.67
2018-08-17,125.73
2018-08-18,115.28
2018-08-19,108.67
2018-08-20,104.17
2018-08-21,125.06
2018-08-22,130.95
2018-08-23,131.44
2018-08-24,129.24
2018-08-25,114.53
2018-08-26,104.32
2018-08-27,117.17
2018-08-28,121.3
2018-08-29,122.93
2018-08-30,123.58
2018-08-31,123.15
2018-09-01,113.55
2018-09-02,107.48
2018-09-03,122.67
2018-09-04,126.64
2018-09-05,125.15
2018-09-06,125.4
2018-09-07,123.58
2018-09-08,113.28
2018-09-09,105.99
2018-09-10,119.6
2018-09-11,124.98
2018-09-12,125.27
2018-09-13,125.69
2018-09-14,125.98
2018-09-15,113.7
2018-09-16,106.32
2018-09-17,121.84
2018-09-18,124.64
2018-09-19,125.22
2018-09-20,126.23
2018-09-21,125.27
2018-09-22,115.23
2018-09-23,107.65
2018-09-24,120.09
2018-09-25,122.83
2018-09-26,124.58
2018-09-27,125.63
2018-09-28,123.3
2018-09-29,113.84
2018-09-30,106.85
2018-10-01,123.01
2018-10-02,128.05
2018-10-03,127.29
2018-10-04,126.14
2018-10-05,125.64
2018-10-06,113.92
2018-10-07,107.44
2018-10-08,122.58
2018-10-09,124.9
2018-10-10,125.62
2018-10-11,125.68
2018-10-12,124.7
2018-10-13,118.52
2018-10-14,107.94
2018-10-15,121.95
2018-10-16,126.71
2018-10-17,126.64
2018-10-18,128.04
2018-10-19,127.94
2018-10-20,115.58
2018-10-21,109.23
2018-10-22,107.18
2018-10-23,103.79
2018-10-24,124.48
2018-10-25,131.02
2018-10-26,129.3
2018-10-27,119.64
2018-10-28,115.37
2018-10-29,124.49
2018-10-30,127.08
2018-10-31,124.31
2018-11-01,103.73
2018-11-02,109.36
2018-11-03,109.71
2018-11-04,107.78
2018-11-05,124.08
2018-11-06,127.96
2018-11-07,128.67
2018-11-08,129.83
2018-11-09,130.89
2018-11-10,125.81
2018-11-11,113.82
2018-11-12,127.7
2018-11-13,129.21
2018-11-14,130.83
2018-11-15,133.24
2018-11-16,132.14
2018-11-17,123.68
2018-11-18,116.15
2018-11-19,135.18
2018-11-20,139.66
2018-11-21,139.37
2018-11-22,139.99
2018-11-23,137.24
2018-11-24,126.74
2018-11-25,120.03
2018-11-26,136.26
2018-11-27,140.85
2018-11-28,139.77
2018-11-29,143.73
2018-11-30,143.42
2018-12-01,138.33
2018-12-02,126.93
2018-12-03,140.38
2018-12-04,140.66
2018-12-05,141.06
2018-12-06,143.84
2018-12-07,143.16
2018-12-08,131.22
2018-12-09,124.49
2018-12-10,137.95
2018-12-11,142.73
2018-12-12,143
2018-12-13,145.05
2018-12-14,145.97
2018-12-15,138.25
2018-12-16,128.59
2018-12-17,143.3
2018-12-18,145.48
2018-12-19,146.42
2018-12-20,145.34
2018-12-21,135.2
2018-12-22,123.42
2018-12-23,116.07
2018-12-24,110.25
2018-12-25,104.99
2018-12-26,104.42
2018-12-27,113.97
2018-12-28,115.5
2018-12-29,112.59
2018-12-30,112.32
2018-12-31,110.22
2019-01-01,104.8
2019-01-02,125.02
2019-01-03,135.65
2019-01-04,138.69
2019-01-05,131.87
2019-01-06,125.08
2019-01-07,141.58
2019-01-08,148.03
2019-01-09,146.04
2019-01-10,145.82
2019-01-11,145.41
2019-01-12,134.7
2019-01-13,125.71
2019-01-14,139.22
2019-01-15,143.83
2019-01-16,142.48
2019-01-17,140.72
2019-01-18,142.11
2019-01-19,131.64
2019-01-20,127.14
2019-01-21,141.94
2019-01-22,148.31
2019-01-23,149.2
2019-01-24,148.25
2019-01-25,147.62
2019-01-26,135.1
2019-01-27,127.87
2019-01-28,143.42
2019-01-29,142.72
2019-01-30,145.32
2019-01-31,144.72
2019-02-01,142.91
2019-02-02,128.8
2019-02-03,122.32
2019-02-04,137.83
2019-02-05,142.36
2019-02-06,140.75
2019-02-07,141.53
2019-02-08,141.08
2019-02-09,129.81
2019-02-10,123.5
2019-02-11,137.7
2019-02-12,139.64
2019-02-13,140.77
2019-02-14,138.27
2019-02-15,136.49
2019-02-16,124.34
2019-02-17,117.67
2019-02-18,132.29
2019-02-19,133.97
2019-02-20,135.4
2019-02-21,135.48
2019-02-22,136.43
2019-02-23,127.2
2019-02-24,123.36
2019-02-25,135.05
2019-02-26,135.54
2019-02-27,133.6
2019-02-28,131.59
2019-03-01,132.1
2019-03-02,121.24
2019-03-03,116.17
2019-03-04,127.59
2019-03-05,128.58
2019-03-06,128.2
2019-03-07,131.71
2019-03-08,129.66
2019-03-09,118.1
2019-03-10,113.71
2019-03-11,128.05
2019-03-12,130.23
2019-03-13,134.93
2019-03-14,132.19
2019-03-15,112.17
2019-03-16,112.44
2019-03-17,109.66
2019-03-18,129.11
2019-03-19,133.26
2019-03-20,130.84
2019-03-21,131.75
2019-03-22,130.1
2019-03-23,116.98
2019-03-24,110.54
2019-03-25,127.35
2019-03-26,129.39
2019-03-27,129.8
2019-03-28,130.45
2019-03-29,127.77
2019-03-30,116.47
2019-03-31,105.4
2019-04-01,123.27
2019-04-02,125.55
2019-04-03,127.75
2019-04-04,127.92
2019-04-05,128.11
2019-04-06,116.36
2019-04-07,108.75
2019-04-08,122.78
2019-04-09,123.75
2019-04-10,125.46
2019-04-11,129.22
2019-04-12,130.67
2019-04-13,120.27
2019-04-14,112.65
2019-04-15,128.56
2019-04-16,125.65
2019-04-17,127.64
2019-04-18,125.32
2019-04-19,106.09
2019-04-20,102.28
2019-04-21,94.95
2019-04-22,94.97
2019-04-23,121.72
2019-04-24,124.74
2019-04-25,124.46
2019-04-26,124.09
2019-04-27,114.31
2019-04-28,107.29
2019-04-29,122.25
2019-04-30,124.63
2019-05-01,103.8
2019-05-02,118.25
2019-05-03,121.98
2019-05-04,114.14
2019-05-05,111.34
2019-05-06,128.67
2019-05-07,126.14
2019-05-08,124.46
2019-05-09,130.54
2019-05-10,125.29
2019-05-11,112.05
2019-05-12,107.01
2019-05-13,122.09
2019-05-14,129.34
2019-05-15,131.42
2019-05-16,128.34
2019-05-17,125.62
2019-05-18,111.55
2019-05-19,105.58
2019-05-20,119.79
2019-05-21,122.58
2019-05-22,125.34
2019-05-23,124.43
2019-05-24,121.76
2019-05-25,108.82
2019-05-26,102.76
2019-05-27,119.77
2019-05-28,121.7
2019-05-29,123.96
2019-05-30,125.39
2019-05-31,119.91
2019-06-01,108.12
2019-06-02,103.14
2019-06-03,118.61
2019-06-04,122.71
2019-06-05,123.85
2019-06-06,123.65
2019-06-07,123.33
2019-06-08,110.32
2019-06-09,99.47
2019-06-10,101.87
2019-06-11,126.15
2019-06-12,133.68
2019-06-13,137.49
2019-06-14,137.68
2019-06-15,125.36
2019-06-16,117.39
2019-06-17,127.64
2019-06-18,131.17
2019-06-19,133.44
2019-06-20,133.07
2019-06-21,131.73
2019-06-22,119.64
2019-06-23,110.82
2019-06-24,127.28
2019-06-25,134.56
2019-06-26,139.58
2019-06-27,141.28
2019-06-28,129.56
2019-06-29,115.97
2019-06-30,112.14
2019-07-01,134.18
2019-07-02,138.48
2019-07-03,133.87
2019-07-04,131.08
2019-07-05,129.66
2019-07-06,118.63
2019-07-07,112.52
2019-07-08,122.72
2019-07-09,124.85
2019-07-10,123.42
2019-07-11,124.32
2019-07-12,122.88
2019-07-13,111.43
2019-07-14,102.96
2019-07-15,116.36
2019-07-16,119.55
2019-07-17,120.19
2019-07-18,121.36
2019-07-19,121.36
2019-07-20,112.09
2019-07-21,107.48
2019-07-22,122.08
2019-07-23,125.64
2019-07-24,125.52
2019-07-25,126.98
2019-07-26,126.13
2019-07-27,110.84
2019-07-28,103.47
2019-07-29,117.52
2019-07-30,123.08
2019-07-31,125.92
2019-08-01,123.32
2019-08-02,120.46
2019-08-03,105.76
2019-08-04,98.66
2019-08-05,115.81
2019-08-06,122.46
2019-08-07,125.87
2019-08-08,124.53
2019-08-09,125.4
2019-08-10,121.13
2019-08-11,112.61
2019-08-12,130.48
2019-08-13,127.3
2019-08-14,121.02
2019-08-15,118.44
2019-08-16,118.09
2019-08-17,107.95
2019-08-18,103.06
2019-08-19,105.79
2019-08-20,103.12
2019-08-21,120.67
2019-08-22,125.01
2019-08-23,127.87
2019-08-24,119.36
2019-08-25,113.33
2019-08-26,128.33
2019-08-27,132.75
2019-08-28,134.72
2019-08-29,135.44
2019-08-30,134.76
2019-08-31,120.74
2019-09-01,113.98
2019-09-02,127.61
2019-09-03,124.85
2019-09-04,122.47
2019-09-05,123.43
2019-09-06,122.92
2019-09-07,111.98
2019-09-08,105.08
2019-09-09,120.75
2019-09-10,120.17
2019-09-11,122.5
2019-09-12,124.45
2019-09-13,123.53
2019-09-14,111.27
2019-09-15,103.8
2019-09-16,121.33
2019-09-17,125.44
2019-09-18,122.04
2019-09-19,123.49
2019-09-20,122.87
2019-09-21,111.46
2019-09-22,105.8
2019-09-23,124.61
2019-09-24,126.51
2019-09-25,127.66
2019-09-26,125.72
2019-09-27,122.07
2019-09-28,114.05
2019-09-29,107.15
2019-09-30,122.23
2019-10-01,123.68
2019-10-02,126.08
2019-10-03,128.15
2019-10-04,126.77
2019-10-05,118.35
2019-10-06,110.82
2019-10-07,125.98
2019-10-08,130.06
2019-10-09,129.15
2019-10-10,131.5
2019-10-11,127.14
2019-10-12,116.65
2019-10-13,110.79
2019-10-14,125.18
2019-10-15,127.67
2019-10-16,129.64
2019-10-17,129.46
2019-10-18,128.68
2019-10-19,117.17
2019-10-20,110.38
2019-10-21,124.84
2019-10-22,126.27
2019-10-23,107.6
2019-10-24,122.71
2019-10-25,126.92
2019-10-26,116.25
2019-10-27,114.75
2019-10-28,127.74
2019-10-29,134.66
2019-10-30,134.82
2019-10-31,132.63
2019-11-01,111.21
2019-11-02,114.54
2019-11-03,112.76
2019-11-04,130.44
2019-11-05,134.28
2019-11-06,133.35
2019-11-07,134.6
2019-11-08,133.67
2019-11-09,121.99
2019-11-10,117.86
2019-11-11,130.12
2019-11-12,137.45
2019-11-13,136.39
2019-11-14,135.6
2019-11-15,135.76
2019-11-16,122.33
2019-11-17,114.46
2019-11-18,130.51
2019-11-19,133.77
2019-11-20,137.66
2019-11-21,135.18
2019-11-22,134.8
2019-11-23,123.62
2019-11-24,117.72
2019-11-25,133.75
2019-11-26,136.94
2019-11-27,138.12
2019-11-28,138.38
2019-11-29,135.66
2019-11-30,124.26
2019-12-01,121.72
2019-12-02,143.18
2019-12-03,144.38
2019-12-04,153.03
2019-12-05,151.51
2019-12-06,150.44
2019-12-07,139.77
2019-12-08,126.99
2019-12-09,142.11
2019-12-10,143.07
2019-12-11,141.77
2019-12-12,146.16
2019-12-13,143
2019-12-14,132.26
2019-12-15,123.31
2019-12-16,135.3
2019-12-17,132.95
2019-12-18,130.7
2019-12-19,131.59
2019-12-20,125.68
2019-12-21,112.62
2019-12-22,114.62
2019-12-23,117.74
2019-12-24,108.06
2019-12-25,101.42
2019-12-26,101.48
2019-12-27,109.7
2019-12-28,112.01
2019-12-29,112.75
2019-12-30,117.03
2019-12-31,114.99