Dátum,Benzin (HUF/l),Diesel (HUF/l)
2005-01-03,233.0701548,236.9404956
2005-01-10,230.077344,230.976858
2005-01-17,236.0743872,230.9559232
2005-01-24,241.0557282,230.944293
2005-01-31,241.034296,230.942592
2005-02-07,241.0571196,230.9539078
2005-02-14,241.0431933,230.932858
2005-02-21,241.033199,230.9631445
2005-02-28,241.029836,230.933016
2005-03-07,241.006896,235.950858
2005-03-14,246.0394323,241.9506639
2005-03-21,245.988395,241.954907
2005-04-04,253.5588416,249.46256
2005-04-11,260.3910822,254.2713779
2005-04-18,260.3617742,254.2494122
2005-04-25,258.3118334,251.2099016
2005-05-02,258.3033605,251.1753865
2005-05-09,258.299865,249.213075
2005-05-16,256.311083,246.276366
2005-05-23,256.272093,243.1724625
2005-05-30,256.2783093,243.1764735
2005-06-06,258.2671392,246.1507368
2005-06-13,261.9791344,252.0483462
2005-06-20,264.0391302,256.0359115
2005-06-27,264.0645656,256.0359604
2005-07-04,264.05506,256.0350425
2005-07-11,268.0803968,260.0293632
2005-07-18,272.3456112,263.3835984
2005-07-25,272.4682752,262.559088
2005-08-01,273.2003428,262.3261245
2005-08-08,276.0298125,262.806375
2005-08-15,276.1498432,262.8357984
2005-08-22,280.6961885,268.423064
2005-08-29,280.302946,268.654484
2005-09-05,282.204,271.3449375
2005-09-12,291.7267353,276.3237906
2005-09-19,287.5950201,273.4188564
2005-09-26,284.6222225,273.0699015
2005-10-03,273.4115265,261.9668475
2005-10-10,273.4072083,262.0747089
2005-10-17,273.768055,264.7982025
2005-10-24,271.9803222,264.7110894
2005-11-07,262.0769877,262.8607003
2005-11-14,261.7976403,260.814708
2005-11-21,259.693627,260.785182
2005-11-28,257.5467388,257.8153409
2005-12-05,257.0346486,254.7107192
2005-12-12,256.7731285,254.6103035
2005-12-19,259.3982815,254.231589
2006-01-09,259.1113416,252.6132124
2006-01-16,264.0074976,255.626784
2006-01-23,263.4625,255.5675
2006-01-30,267.3498852,259.7075784
2006-02-06,267.1917028,259.6133056
2006-02-13,264.3879888,259.5694176
2006-02-20,264.38984,259.570168
2006-02-27,258.673625,258.19135
2006-03-06,260.5581824,260.1659136
2006-03-13,260.4962016,262.825632
2006-03-20,263.4058284,262.4772194
2006-03-27,268.3197006,264.4098366
2006-04-03,273.2643276,267.4127247
2006-04-10,273.2857816,267.4243312
2006-04-24,278.4749702,270.6519319
2006-05-01,286.8595408,277.059532
2006-05-08,290.2749105,279.1860482
2006-05-15,290.3107734,279.4200662
2006-05-22,290.391696,279.425889
2006-05-29,287.6483792,274.7830512
2006-06-05,287.7632244,274.8855918
2006-06-12,292.740658,276.74826
2006-06-19,293.0119296,277.0842542
2006-06-26,293.04432,277.171086
2006-07-03,297.9702645,284.0669632
2006-07-10,305.95842,291.01765
2006-07-17,308.8397474,291.0810202
2006-07-24,308.842125,291.0169308
2006-07-31,308.7578214,289.0129795
2006-08-07,308.60151,285.9774
2006-08-14,308.427529,286.0561938
2006-08-21,302.7195088,286.025408
2006-08-28,296.971851,286.0816857
2006-09-04,294.0722038,289.14046
2006-09-11,284.6287305,286.2375935
2006-09-18,278.7084131,281.2965919
2006-09-25,272.4602424,272.1609502
2006-10-02,268.6365,268.785
2006-10-09,268.7520385,268.7792415
2006-10-16,265.832602,268.656458
2006-10-23,264.1075974,268.8105369
2006-10-30,261.2527728,265.666528
2006-11-06,261.2234088,265.6422216
2006-11-13,259.477452,261.893036
2006-11-20,259.6883178,262.1726058
2006-11-27,258.079555,259.3785525
2006-12-04,258.0557662,259.4251024
2006-12-11,257.9703857,259.4238409
2006-12-18,258.2314128,259.4505354
2007-01-08,257.9149188,251.4694518
2007-01-15,253.617642,246.306742
2007-01-22,248.352136,243.0289395
2007-01-29,247.9195116,242.8090128
2007-02-05,247.3644635,242.452265
2007-02-12,252.2800666,247.3157687
2007-02-19,252.147484,247.310406
2007-02-26,251.9762986,247.1375564
2007-03-05,257.8612547,249.155455
2007-03-12,263.7888818,251.0594852
2007-03-19,265.8832936,251.2017148
2007-03-26,265.7273048,251.1816129
2007-04-02,265.6564625,251.227174
2007-04-16,271.7402472,257.418
2007-04-23,274.9010385,257.3203149
2007-04-30,275.1335862,255.6879356
2007-05-07,274.818288,255.602378
2007-05-14,278.8976907,255.6729045
2007-05-21,278.707022,255.5577631
2007-05-28,284.031727,255.7609642
2007-06-04,286.912786,259.647116
2007-06-11,287.4911732,259.5872224
2007-06-18,287.677458,259.630038
2007-06-25,288.6818484,263.5017
2007-07-02,288.3883215,263.4395953
2007-07-09,288.37809,263.444454
2007-07-16,288.30538,263.38222
2007-07-23,288.3619864,263.3714168
2007-07-30,283.7410576,263.4604896
2007-08-06,283.6799632,263.5140464
2007-08-13,285.5197464,263.4847635
2007-08-20,279.6219477,263.7595197
2007-08-27,278.9727025,263.3955855
2007-09-03,281.078928,266.3595099
2007-09-10,281.1307014,266.3304282
2007-09-17,281.215899,266.3141871
2007-09-24,283.1629428,271.3476078
2007-10-01,283.0838348,271.244467
2007-10-08,283.050068,271.1047395
2007-10-15,281.3062338,271.1075636
2007-10-22,279.8355285,271.389778
2007-10-29,279.549945,271.1657025
2007-11-05,283.358922,277.6353424
2007-11-12,287.55446,283.174515
2007-11-19,290.228968,287.1324466
2007-11-26,289.896236,290.428019
2007-12-03,292.9162464,296.4326388
2007-12-10,290.0031699,296.346258
2007-12-17,288.1137744,293.3204048
2008-01-07,288.1873436,293.2375732
2008-01-14,293.4024192,298.2557952
2008-01-21,293.3722152,298.2032064
2008-01-28,290.666962,294.5292508
2008-02-04,290.730984,294.580416
2008-02-11,290.837659,294.566686
2008-02-18,293.9957462,299.7199112
2008-02-25,299.0488956,304.6592486
2008-03-03,301.1011524,308.7643338
2008-03-10,301.0645343,308.6840867
2008-03-17,301.1295266,314.6750012
2008-03-31,297.0629158,313.2721022
2008-04-07,297.03526,313.406242
2008-04-14,297.0680778,311.8127016
2008-04-21,297.0612514,311.3283311
2008-04-28,299.9886708,314.2677188
2008-05-05,301.0022106,315.3187198
2008-05-12,304.2056944,319.4149762
2008-05-19,308.9300072,327.1485649
2008-05-26,310.9575689,331.0867538
2008-06-02,310.9633582,331.2399048
2008-06-09,310.799616,331.089792
2008-06-16,310.7532762,331.090416
2008-06-23,315.7148967,336.0636663
2008-06-30,315.6339381,335.9633186
2008-07-07,315.6671592,335.9475036
2008-07-14,321.1866899,335.6853157
2008-07-21,315.5511944,335.966528
2008-07-28,310.5963371,330.9706146
2008-08-04,303.6002112,325.003783
2008-08-11,303.5592711,321.0403046
2008-08-18,300.5695758,315.08901
2008-08-25,299.8257417,312.319943
2008-09-01,300.319688,312.78943
2008-09-08,303.243525,312.687412
2008-09-15,303.1761372,312.6370656
2008-09-22,308.2788591,312.6743767
2008-09-29,300.5479512,308.721819
2008-10-06,298.7505744,308.9670984
2008-10-13,293.81649,306.79033
2008-10-20,285.9168006,302.8902435
2008-10-27,275.8407825,296.8618693
2008-11-03,272.8488288,294.943776
2008-11-10,265.8418875,292.2123407
2008-11-17,258.86085,288.199845
2008-11-24,255.068,282.4193
2008-12-01,247.141854,276.76521
2008-12-08,242.225622,268.6812
2008-12-15,233.3094758,256.3958228
2009-01-05,228.102307,242.2708822
2009-01-12,228.015546,242.066572
2009-01-19,234.2094645,247.8709035
2009-01-26,241.2399484,252.8304485
2009-02-02,244.1379938,252.7823936
2009-02-09,252.289649,257.428664
2009-02-16,252.2264245,257.902103
2009-02-23,256.039277,257.566114
2009-03-02,252.1453172,251.549679
2009-03-09,256.114548,251.651226
2009-03-16,258.9611178,251.2921143
2009-03-23,256.88509,251.124489
2009-03-30,259.6950235,254.025123
2009-04-06,265.741128,260.178858
2009-04-20,263.822592,258.233536
2009-04-27,267.8851714,260.3070316
2009-05-04,267.8319629,258.4760171
2009-05-11,267.7586715,254.2635035
2009-05-18,267.8255825,254.302884
2009-05-25,272.818962,254.37793
2009-06-01,273.1530973,253.0977461
2009-06-08,280.728225,258.4193058
2009-06-15,286.647312,263.528332
2009-06-22,291.130038,268.8097898
2009-06-29,291.8683449,272.4452577
2009-07-06,305.164552,287.332997
2009-07-13,297.7340744,280.2309332
2009-07-20,291.754661,272.32691
2009-07-27,291.84664,272.47292
2009-08-03,295.93666,274.518583
2009-08-10,299.6181474,274.265304
2009-08-17,304.6671748,280.291389
2009-08-24,304.5620885,280.307921
2009-08-31,304.4420965,283.860333
2009-09-07,300.4413416,282.3891072
2009-09-14,296.4190516,278.0746045
2009-09-21,296.3140467,277.3162392
2009-09-28,296.3940924,277.3345236
2009-10-05,288.5283384,273.2529
2009-10-12,288.349223,272.9986565
2009-10-19,288.3225531,272.984178
2009-10-26,293.697543,280.036197
2009-11-02,297.4042536,284.3422176
2009-11-09,301.6858962,286.2433574
2009-11-16,301.7787092,286.5084562
2009-11-23,298.7597075,283.479927
2009-11-30,298.4963344,281.028268
2009-12-07,298.5558444,281.5069428
2009-12-14,298.58574,281.5748214
2009-12-21,295.0181739,281.5085526
2010-01-04,314.6262105,295.993068
2010-01-11,318.213105,299.488098
2010-01-18,318.092355,299.4516
2010-01-25,316.06029,295.9495812
2010-02-01,316.01421,296.9030295
2010-02-08,316.014864,296.735043
2010-02-15,318.993621,296.4745086
2010-02-22,318.7770625,296.2259625
2010-03-01,324.7168895,302.193564
2010-03-08,324.6249162,301.9728404
2010-03-15,330.951096,305.583894
2010-03-22,330.449721,304.758069
2010-03-29,330.38796,304.55936
2010-04-12,337.3126427,313.5418704
2010-04-19,337.4412852,313.7375436
2010-04-26,337.57273,313.7016096
2010-05-03,337.44977,313.6808696
2010-05-10,341.693972,321.826868
2010-05-17,343.9606074,325.3327764
2010-05-24,344.2982298,326.2395306
2010-05-31,338.1441925,320.1961683
2010-06-07,338.157377,320.323983
2010-06-14,341.98983,324.14778
2010-06-21,344.0148599,327.296916
2010-06-28,346.114037,332.3162188
2010-07-05,346.17321,332.183754
2010-07-12,343.3214754,327.1391172
2010-07-19,343.4475188,327.1609012
2010-07-26,341.5478661,324.5441832
2010-08-02,341.6724315,324.6213405
2010-08-09,341.6348456,324.5484952
2010-08-16,341.695494,327.70791
2010-08-23,338.7159144,325.6404426
2010-08-30,334.6401007,323.3968873
2010-09-06,338.357409,325.320996
2010-09-13,341.4994848,325.4471816
2010-09-20,346.5928125,330.5503125
2010-09-27,346.609563,330.6085803
2010-10-04,340.5118314,327.4724934
2010-10-11,337.5967391,327.4137843
2010-10-18,337.737567,327.6018438
2010-10-25,341.9781472,324.6855806
2010-11-08,338.47196,325.398254
2010-11-15,338.0161536,326.1302784
2010-11-22,344.910619,331.8887342
2010-11-29,342.9753804,332.0916822
2010-12-06,347.9154835,337.278188
2010-12-13,356.1666474,343.388058
2010-12-20,360.2416674,347.5857459
2011-01-03,363.2627593,353.722334
2011-01-10,363.157921,353.4021092
2011-01-17,366.3190842,356.4504234
2011-01-24,369.2501706,361.4351202
2011-01-31,366.0908955,360.7946365
2011-02-07,362.1547765,358.9624203
2011-02-14,363.5028215,358.238296
2011-02-21,362.1073014,362.0178681
2011-02-28,367.015104,363.549888
2011-03-07,372.0302202,368.9115634
2011-03-14,376.874532,374.307862
2011-03-21,376.730387,378.124098
2011-03-28,376.655103,378.184059
2011-04-04,378.502864,376.063838
2011-04-11,383.5435425,375.7611075
2011-04-18,383.5206172,375.7811242
2011-05-02,386.526952,376.0943365
2011-05-09,390.336364,372.89654
2011-05-16,384.4340019,363.0371121
2011-05-23,382.6141,361.3281936
2011-05-30,378.6301101,361.2725776
2011-06-06,384.5889298,367.3501858
2011-06-13,379.800827,368.055996
2011-06-20,374.44262,367.19576
2011-06-27,376.5278624,370.1642688
2011-07-04,371.0519202,361.853115
2011-07-11,370.9485934,359.3528736
2011-07-18,376.1036546,363.268135
2011-07-25,385.964766,372.425823
2011-08-01,388.779159,376.627215
2011-08-08,388.948731,374.533482
2011-08-22,380.4832614,367.7175457
2011-08-29,380.3626035,367.582734
2011-09-05,380.1422898,367.5466704
2011-09-12,386.9889565,372.576081
2011-09-19,391.6817752,377.24259
2011-09-26,397.6283496,384.233992
2011-10-03,397.70458,388.36304
2011-10-10,392.584304,388.247832
2011-10-17,396.642636,393.0800832
2011-10-24,398.569532,396.10706
2011-10-31,398.555079,402.725856
2011-11-07,395.5669541,420.1068212
2011-11-14,398.435532,426.063156
2011-11-21,403.5606061,433.9175463
2011-11-28,398.6267313,436.7307798
2011-12-05,398.4994316,433.6750864
2011-12-12,396.3601176,430.4770056
2011-12-19,396.200318,427.4178465
2012-01-09,413.3851767,435.8450115
2012-01-16,423.471615,445.84176
2012-01-23,427.2105768,451.8176307
2012-01-30,427.1294724,446.8664592
2012-02-06,422.4207966,440.9331684
2012-02-13,419.6683005,434.9924425
2012-02-20,421.147338,437.100912
2012-02-27,425.1468809,438.8844466
2012-03-05,424.8580494,438.652123
2012-03-12,430.0186352,434.8082288
2012-03-19,436.9125744,441.453888
2012-03-26,442.1200355,445.6491533
2012-04-02,445.9751,443.48825
2012-04-16,450.7289728,443.209152
2012-04-23,454.6909584,443.2675232
2012-04-30,450.6591675,443.7370225
2012-05-07,441.5000576,439.1566512
2012-05-14,431.5249123,433.1588243
2012-05-21,426.6423086,430.1378161
2012-05-28,427.041456,431.0069262
2012-06-04,430.572495,433.2212394
2012-06-11,430.6494168,433.2890232
2012-06-18,422.98256,427.54712
2012-06-25,418.3935289,421.7518793
2012-07-02,408.553362,412.045002
2012-07-09,408.552827,412.0455236
2012-07-16,416.5640475,418.8346695
2012-07-23,422.5680368,427.074791
2012-07-30,427.843105,435.204809
2012-08-06,427.9538802,434.922565
2012-08-13,427.681676,431.04204
2012-08-20,433.7999272,434.6862368
2012-08-27,440.7777045,440.275158
2012-09-03,440.412665,439.620643
2012-09-10,440.1250528,442.3112934
2012-09-17,448.4412358,446.5226314
2012-09-24,440.3191008,441.4153944
2012-10-01,430.2583187,435.5674393
2012-10-08,430.329575,435.4541
2012-10-15,432.1309391,437.3060265
2012-10-22,434.228124,440.8483416
2012-10-29,424.0310795,433.5487189
2012-11-05,414.205764,429.2079362
2012-11-12,406.276852,427.467444
2012-11-19,406.2797358,426.9268828
2012-11-26,408.1377511,427.3162826
2012-12-03,408.2697437,427.824453
2012-12-10,404.8409396,422.8920213
2012-12-17,404.2141812,418.3669044
2013-01-07,416.682687,425.2898334
2013-01-14,419.4710184,425.0798888
2013-01-21,421.5206675,430.171371
2013-01-28,419.442976,429.931736
2013-02-04,429.4382673,432.3265828
2013-02-11,434.0881116,431.67267
2013-02-18,433.9228943,437.429454
2013-02-25,440.0282016,437.418631
2013-03-04,439.5669637,435.6503917
2013-03-11,431.85956,433.946952
2013-03-18,429.7400451,434.0035647
2013-03-25,432.456111,435.925125
2013-04-01,435.9263958,435.6828598
2013-04-08,435.3372975,437.662725
2013-04-15,422.4084275,429.4542089
2013-04-22,409.063455,415.7337825
2013-04-29,406.384413,412.3921355
2013-05-06,410.982312,417.695772
2013-05-13,408.3769593,414.563289
2013-05-20,409.001896,415.0945859
2013-05-27,412.4043801,416.8209222
2013-06-03,412.283872,414.827266
2013-06-10,412.37986,414.93578
2013-06-17,414.564148,416.96741
2013-06-24,412.1707788,417.2612697
2013-07-01,412.7595927,417.6205698
2013-07-08,412.8345744,419.7852464
2013-07-15,421.3499893,427.9727761
2013-07-22,427.426816,428.1469935
2013-07-29,427.75568,428.27697
2013-08-05,424.7493696,425.343504
2013-08-12,426.7816686,428.2611768
2013-08-19,422.2599891,427.4652792
2013-08-26,425.9225215,433.5296105
2013-09-02,431.8229585,435.3455455
2013-09-09,435.4522549,442.2359643
2013-09-16,425.373086,444.0408604
2013-09-23,414.4563855,436.164425
2013-09-30,407.720125,424.8786575
2013-10-07,407.6596566,425.1402513
2013-10-14,403.562489,423.02842
2013-10-21,403.3245552,423.1154088
2013-10-28,403.3029029,419.1044683
2013-11-04,394.43586,413.5206075
2013-11-11,394.3730224,415.5311517
2013-11-18,399.2278458,417.2029464
2013-11-25,404.0268364,420.2106931
2013-12-02,405.754874,425.322324
2013-12-09,405.8106862,428.3439966
2013-12-16,408.7453881,428.2334358
2014-01-06,406.8227598,422.9081028
2014-01-13,402.3910484,420.034562
2014-01-20,402.2759772,418.1972139
2014-01-27,402.1020431,420.1203568
2014-02-03,405.0479448,423.198612
2014-02-10,408.0362176,425.9615584
2014-02-17,412.0731875,426.093525
2014-02-24,412.1445328,428.1715312
2014-03-03,415.1397965,431.1599825
2014-03-10,415.1904386,430.951115
2014-03-17,412.417134,425.299509
2014-03-24,410.6274493,421.400252
2014-03-31,412.4014372,423.125091
2014-04-07,417.308945,424.180675
2014-04-14,413.1628125,420.0747381
2014-04-28,421.067719,424.9967968
2014-05-05,420.8663445,425.010155
2014-05-12,412.7692239,419.0347612
2014-05-19,408.9771112,417.0849502
2014-05-26,413.6231801,419.5877491
2014-06-02,415.5098258,419.6431823
2014-06-09,416.9438634,416.2219142
2014-06-16,416.1163818,415.5782393
2014-06-23,423.8487825,424.3799175
2014-06-30,427.703133,429.147564
2014-07-07,427.8674312,428.5755536
2014-07-14,427.7981456,425.7542576
2014-07-21,422.8682468,418.648944
2014-07-28,420.005714,418.837636
2014-08-04,418.02859,423.845294
2014-08-11,419.3776128,425.475552
2014-08-18,416.1326876,425.495728
2014-08-25,412.6878336,421.3255296
2014-09-01,416.55723,423.942105
2014-09-08,418.4216815,425.5837385
2014-09-15,422.3320122,425.6974832
2014-09-22,420.3245495,423.7060875
2014-09-29,414.465777,418.5366042
2014-10-06,414.3672859,418.6892313
2014-10-13,414.3876538,414.7176046
2014-10-20,397.4384825,404.2919794
2014-10-27,389.001044,399.839222
2014-11-03,385.7166672,401.8708848
2014-11-10,388.620528,404.433088
2014-11-17,388.5133561,404.4503569
2014-11-24,379.6730556,396.4836172
2014-12-01,376.8261639,393.2017831
2014-12-08,367.351127,382.347553
2014-12-15,355.1353088,374.485472
2015-01-05,341.6719552,361.8438936
2015-01-12,335.6234196,354.2949609
2015-01-19,328.170048,346.719552
2015-01-26,330.9536443,346.8071344
2015-02-02,330.8302512,346.7464512
2015-02-09,339.677128,354.458258
2015-02-16,348.7878695,365.3088348
2015-02-23,352.6413274,372.6247224
2015-03-02,354.5237598,372.6687364
2015-03-09,363.2212647,374.2301894
2015-03-16,366.9851328,376.0833856
2015-03-23,368.8054025,368.595125
2015-03-30,365.7776085,365.8945422
2015-04-13,365.547027,362.4805665
2015-04-20,365.377329,366.262092
2015-04-27,377.1119079,376.1932174
2015-05-04,381.0014598,379.5055992
2015-05-11,380.6522,380.97182
2015-05-18,378.53254,380.863769
2015-05-25,379.1971872,381.6957924
2015-06-01,384.1402703,382.8821926
2015-06-08,386.9025615,382.70505
2015-06-15,386.759451,380.6595
2015-06-22,395.0866881,380.7947247
2015-06-29,389.2841788,378.9630834
2015-07-06,389.1655139,378.7901273
2015-07-13,395.290696,377.075065
2015-07-20,394.739464,368.3317526
2015-07-27,384.4216998,363.9913818
2015-08-03,377.4762189,360.1851165
2015-08-10,374.6974879,354.1847949
2015-08-17,366.6581273,352.1372589
2015-08-24,361.5026117,350.1637886
2015-08-31,345.82383,339.630534
2015-09-07,345.3984567,345.6182777
2015-09-14,350.1838746,353.4331067
2015-09-21,343.194298,347.3561084
2015-09-28,339.9956884,344.3612396
2015-10-05,340.482516,346.795372
2015-10-12,340.2393786,348.645033
2015-10-19,340.1019684,346.372641
2015-10-26,329.1244887,336.4445007
2015-11-02,329.1450389,337.0059831
2015-11-09,340.1171704,345.9185884
2015-11-16,344.911496,348.853912
2015-11-23,335.9083932,341.9785395
2015-11-30,336.7494324,342.1865034
2015-12-07,340.6181625,338.9341725
2015-12-14,330.6419968,329.1769024
2016-01-04,324.9021624,312.9488814
2016-01-11,327.5630896,313.3154216
2016-01-18,319.8958098,306.3769086
2016-01-25,314.907662,296.670998
2016-02-01,314.7852468,296.7628574
2016-02-08,316.8820517,300.4434438
2016-02-15,303.6674952,300.7575468
2016-02-22,301.4461632,297.5920064
2016-02-29,301.3743824,301.704318
2016-03-07,307.4068566,305.8091658
2016-03-14,314.2065531,315.009738
2016-03-21,319.1123073,316.2744287
2016-04-04,331.0242771,315.3535649
2016-04-11,326.9089285,307.8445722
2016-04-18,329.9459593,311.8009642
2016-04-25,333.859911,318.064549
2016-05-02,335.6481404,324.7283312
2016-05-09,338.527526,328.124575
2016-05-16,333.21848,327.006285
2016-05-23,341.4787025,335.178919
2016-05-30,349.1606965,340.1449352
2016-06-06,349.0451295,343.1587245
2016-06-13,344.4941308,339.8023334
2016-06-20,342.4377436,341.3456528
2016-06-27,340.5485455,339.482073
2016-07-04,345.4949009,339.3115966
2016-07-11,340.8455704,341.3026526
2016-07-18,331.6834793,336.5976353
2016-07-25,331.94552,332.289424
2016-08-01,328.2275136,329.8167747
2016-08-08,322.8325396,319.5481684
2016-08-15,326.0198609,322.457631
2016-08-22,330.0957465,331.221591
2016-08-29,334.7792052,337.4530668
2016-09-05,336.4489611,337.9399317
2016-09-12,331.198131,332.2303644
2016-09-19,336.0246784,332.8332072
2016-09-26,333.9412792,332.5650044
2016-10-03,340.1968202,346.640864
2016-10-10,343.919385,352.553166
2016-10-17,346.800207,359.0129517
2016-10-24,346.6365403,360.5728404
2016-10-31,350.1842696,363.928356
2016-11-07,347.715647,360.496295
2016-11-14,336.8104839,347.4634494
2016-11-21,333.8109392,347.2055421
2016-11-28,342.889257,357.4742745
2016-12-05,345.8034183,361.3135363
2016-12-12,356.868029,371.32865
2016-12-19,359.8555464,373.8860964
2017-01-02,367.348095,378.612075
2017-01-09,369.7811117,381.0831724
2017-01-16,365.7729786,376.2208248
2017-01-23,367.8121076,374.2532654
2017-01-30,367.64532,373.935912
2017-02-06,367.699446,374.2319968
2017-02-13,367.7327572,376.1786656
2017-02-20,372.8497178,376.1049434
2017-02-27,372.735666,374.6064212
2017-03-06,370.6706475,376.2115925
2017-03-13,362.8030889,375.9376461
2017-03-20,355.260072,365.4050688
2017-03-27,356.0311191,364.0562518
2017-04-03,350.9475524,349.626402
2017-04-10,360.3222415,356.271578
2017-04-24,367.1577213,365.2826719
2017-05-01,357.8375376,354.6637568
2017-05-08,351.6669636,350.61186
2017-05-15,346.6259455,345.064637
2017-05-22,351.620253,347.8701555
2017-05-29,353.8836288,349.0259136
2017-06-05,351.137099,345.6009946
2017-06-12,345.9215416,339.9223162
2017-06-19,341.023445,335.8151986
2017-06-26,336.17265,334.0403328
2017-07-03,336.3928725,334.4074875
2017-07-10,340.6184606,339.09699
2017-07-17,340.664255,339.0452505
2017-07-24,340.7701595,339.20474
2017-07-31,340.9977204,338.8105488
2017-08-07,342.850452,344.241856
2017-08-14,345.895808,344.005484
2017-08-21,345.8039995,344.2534722
2017-08-28,343.7319466,341.2177839
2017-09-04,344.9671654,341.1174338
2017-09-11,357.8759288,349.909586
2017-09-18,354.7112877,351.7179435
2017-09-25,352.59292,353.6508725
2017-10-02,350.6689824,359.2335824
2017-10-09,348.7739904,363.3718272
2017-10-16,348.6406104,358.1986428
2017-10-23,349.6419388,359.9650294
2017-10-30,348.6453201,358.4856765
2017-11-06,356.6121265,366.4506895
2017-11-13,363.2551252,369.1089956
2017-11-20,367.0513876,373.7126084
2017-11-27,356.9953924,369.7811316
2017-12-04,356.9706852,369.7412184
2017-12-11,357.0333585,367.7327745
2017-12-18,357.0035105,369.4248425
2018-01-01,358.4249434,373.1345854
2018-01-08,361.4601592,374.3079032
2018-01-15,363.396138,373.883293
2018-01-22,366.2942745,375.908907
2018-01-29,366.1750382,371.7524384
2018-02-05,368.089632,371.764584
2018-02-12,365.1016107,369.5970984
2018-02-19,354.2287175,359.185337
2018-02-26,353.0615733,359.8351173
2018-03-05,359.0920448,367.1494016
2018-03-12,359.0196979,362.4442501
2018-03-19,355.9352688,362.3414568
2018-03-26,359.9365935,362.0975578
2018-04-09,368.421566,370.08818
2018-04-16,368.071654,369.986205
2018-04-23,370.043992,375.944643
2018-04-30,376.705241,382.9981895
2018-05-07,379.298361,385.8774972
2018-05-14,382.1590586,388.1227053
2018-05-21,394.177928,401.770066
2018-05-28,399.1855624,407.1742566
2018-06-04,399.1571416,409.0732184
2018-06-11,395.873954,404.7997415
2018-06-18,394.1070114,402.1986624
2018-06-25,394.1552124,401.828616
2018-07-02,394.2185949,402.0680729
2018-07-09,404.4190392,410.444595
2018-07-16,403.1678742,409.2659844
2018-07-23,394.5624448,400.3949426
2018-07-30,397.6560576,403.4298762
2018-08-06,402.9444232,406.1658502
2018-08-13,400.984961,402.494335
2018-08-20,401.306612,406.3892683
2018-08-27,399.234549,404.8828418
2018-09-03,403.8716886,409.8676974
2018-09-10,405.7518528,416.5770168
2018-09-17,401.82186,416.408135
2018-09-24,399.6945393,413.7695892
2018-10-01,396.6737376,414.2568048
2018-10-08,406.66241,425.8306206
2018-10-15,406.5216635,433.8596575
2018-10-22,394.8461776,430.4087648
2018-10-29,392.802984,426.787128
2018-11-05,391.7097852,429.1128252
2018-11-12,380.5658052,423.1937052
2018-11-19,373.744434,420.956221
2018-11-26,365.083656,415.562613
2018-12-03,354.1290444,399.3089892
2018-12-10,352.2238055,393.3478745
2018-12-17,352.127812,391.2850972
2019-01-07,342.6661143,376.0454988
2019-01-14,342.4927938,372.0615804
2019-01-21,346.5930161,383.2503959
2019-01-28,346.5903456,385.3417068
2019-02-04,343.484596,382.373782
2019-02-11,346.3580032,384.1130458
2019-02-18,350.192612,387.4029621
2019-02-25,360.9020774,391.673103
2019-03-04,363.1749408,395.3874624
2019-03-11,363.3044352,395.4095712
2019-03-18,366.6519626,392.5568746
2019-03-25,369.1186,390.2454912
2019-04-01,377.9314984,389.3669432
2019-04-08,393.1662504,396.8543142
2019-04-15,396.1268325,399.0218925
2019-04-29,401.2060664,406.2940992
2019-05-06,406.8587685,415.1709195
2019-05-13,404.2069657,411.4062761
2019-05-20,403.0198401,410.3529228
2019-05-27,413.1194075,415.9664625
2019-06-03,410.1885711,409.7385864
2019-06-10,393.9927882,398.0018174
2019-06-17,383.6379015,387.9565875
2019-06-24,376.6985069,386.0153586
2019-07-01,381.955181,393.111376
2019-07-08,389.2413672,393.536619
2019-07-15,392.3779642,393.3777404
2019-07-22,399.5227755,400.1596775
2019-07-29,393.4973473,396.3017084
2019-08-05,396.409977,401.2298096
2019-08-12,390.2195605,396.865146
2019-08-19,379.6700224,391.8143552
2019-08-26,376.704966,393.0413586
2019-09-02,381.2629978,397.1474374
2019-09-09,380.8184032,400.0830159
2019-09-16,380.96118,407.3521392
2019-09-23,388.0655064,412.6165758
2019-09-30,393.1305996,416.7361146
2019-10-07,390.7157948,410.827614
2019-10-14,387.9770352,404.6020656
2019-10-21,379.9290726,407.4956018
2019-10-28,380.058504,405.8125008
2019-11-04,381.7201556,406.7600404
2019-11-11,386.715897,402.02244
2019-11-18,386.7775301,404.771471
2019-11-25,386.7079188,407.5793386
2019-12-02,392.766559,409.2290902
2019-12-09,385.9292778,409.1232988
2019-12-16,383.8526769,405.8371251
2020-01-06,398.2523562,420.2538646
2020-01-13,397.8151287,420.4465617
2020-01-20,394.8781293,417.4566261
2020-01-27,394.8999741,408.4248012
2020-02-03,386.879251,399.968503
2020-02-10,383.2320778,391.2277468
2020-02-17,380.1376544,389.136124
2020-02-24,384.6221925,393.9368524
2020-03-02,384.8738236,392.7510132
2020-03-09,367.44055,375.8770625
2020-03-16,350.9862768,360.4039578
2020-03-23,321.32496,336.1721462
2020-03-30,301.3570848,335.1090496
2020-04-06,293.6639172,334.7570696
2020-04-20,290.6268462,330.5088798
2020-04-27,292.4174247,325.6831821
2020-05-04,290.4197343,320.4547497
2020-05-11,304.4552568,325.0748264
2020-05-18,320.7332301,332.5647273
2020-05-25,331.7214976,342.5377024
2020-06-01,342.679491,351.7060995
2020-06-08,338.8117536,350.2653984
2020-06-15,346.2201148,354.7751438
2020-06-22,349.098986,356.523158
2020-06-29,362.332159,366.914177
2020-07-06,367.4830299,380.4283626
2020-07-13,370.4812398,384.5389057
2020-07-20,373.7277024,384.6923184
2020-07-27,371.6975905,384.8075795
2020-08-03,367.0993248,379.738848
2020-08-10,362.9258622,374.9868008
2020-08-17,371.9477307,377.1059747
2020-08-24,372.5709351,376.5914469
2020-08-31,378.790536,377.3262858
2020-09-07,373.6257536,372.7727432
2020-09-14,373.622649,365.6077125
2020-09-21,371.194838,359.6634172
2020-09-28,374.1988416,363.0786168
2020-10-05,374.3198853,364.9358313
2020-10-12,374.100572,366.8355132
2020-10-19,369.2298225,366.809541
2020-10-26,366.991108,368.1372708
2020-11-02,358.3951392,366.8406336
2020-11-09,352.4749124,365.0370386
2020-11-16,356.8777872,369.3453368
2020-11-23,358.553034,373.17756
2020-11-30,362.9269952,380.1118013
2020-12-07,366.6366612,385.588974
2020-12-14,367.0113592,386.0472621
2020-12-21,369.1303296,387.2201412
2021-01-11,375.954003,396.852961
2021-01-18,389.1707454,402.9736824
2021-01-25,392.2161279,404.9942487
2021-02-01,392.455382,405.4087045
2021-02-08,393.9014191,406.2208045
2021-02-15,402.7360935,418.03268
2021-02-22,404.7339299,423.7118364
2021-03-01,413.805544,429.5500394
2021-03-08,422.5659239,431.3784839
2021-03-15,433.7886948,440.9243931
2021-03-22,436.467909,447.412536
2021-03-29,429.8818104,437.0412536
2021-04-12,424.5865446,421.5355038
2021-04-19,420.4676606,418.010892
2021-04-26,424.715865,421.344441
2021-05-03,424.7148024,423.2822412
2021-05-10,431.284272,429.4551008
2021-05-17,431.056763,431.550823
2021-05-24,432.2631041,432.3291234
2021-05-31,423.4167888,426.1246707
2021-06-07,425.8428828,428.4475851
2021-06-14,428.619041,432.7063106
2021-06-21,432.9171805,437.0213154
2021-06-28,440.2319454,443.6215128
2021-07-05,442.0524903,443.8945075
2021-07-12,447.4127586,445.948593
2021-07-19,452.3768216,448.5160064
2021-07-26,450.4748565,444.359355
2021-08-02,455.5788768,450.6089772
2021-08-09,453.5339468,448.9371755
2021-08-16,448.0017157,444.3350219
2021-08-23,447.0249762,442.1581692
2021-08-30,440.874657,438.715197
2021-09-06,449.6398304,448.3315273
2021-09-13,453.1850246,451.2763178
2021-09-20,461.2193703,453.1700925
2021-09-27,457.5576319,464.4802848
2021-10-04,466.794881,481.116297
2021-10-11,483.323572,495.057143
2021-10-18,492.0177735,507.068001
2021-10-25,496.9533976,514.389332
2021-11-01,507.1268688,516.8165712
2021-11-08,504.0309552,514.8057672
2021-11-15,479.5948312,479.7924604
2021-11-22,479.6972784,479.819088
2021-11-29,479.1982296,479.6736978
2021-12-06,478.6751607,479.4222422
2021-12-13,466.876333,471.9565818
2021-12-20,474.4015206,472.3297221
2022-01-03,475.5078636,473.0662692
2022-01-10,477.069824,477.220352
2022-01-17,476.6371477,477.3172796
2022-01-24,478.3317136,475.924384
2022-01-31,479.6204444,479.7811799
2022-02-07,479.7324516,479.831426
2022-02-14,479.7565278,479.8243692
2022-02-21,479.7936522,479.8687356
2022-02-28,479.8152216,479.8706796
2022-03-07,479.8554475,479.89084
2022-03-14,479.7964652,496.2284912
2022-03-21,479.8549272,515.1871152
2022-03-28,479.8628793,518.4094932
2022-04-04,479.8543935,525.027279
2022-04-11,479.8657566,526.2340932
2022-04-25,479.8735648,532.5664736
2022-05-02,479.8711929,533.1654009
2022-05-09,479.8729414,539.0359888
2022-05-16,479.881645,539.1674975
2022-05-23,479.8905265,540.2828225
2022-05-30,486.6836146,550.973682
2022-06-06,490.1886405,548.7686685
2022-06-13,491.198895,584.922591
2022-06-20,488.0704445,584.863371
2022-06-27,489.9643828,589.3430774
2022-07-04,491.139264,584.5569072
2022-07-11,491.741812,576.0841462
2022-07-18,492.639906,575.462206
2022-07-25,493.820925,580.9518
2022-08-01,518.0585665,625.3715295
2022-08-08,517.8499888,622.55233
2022-08-15,515.844204,618.304334
2022-08-22,526.32408,647.19408
2022-08-29,526.409976,665.870253
2022-09-05,521.018883,670.126646
2022-09-12,511.1723556,644.8064193
2022-09-19,509.5244435,638.858696
2022-09-26,511.0947362,636.5156036
2022-10-03,511.8543336,642.1461498
2022-10-10,515.120318,654.84626
2022-10-17,520.486507,683.698801
2022-10-24,521.0735068,696.1225068
2022-10-31,508.6091505,611.427204
2022-11-07,517.9903995,664.7914413
2022-11-14,520.9762848,651.6928008
2022-11-21,514.858225,634.3421819
2022-11-28,510.8748876,622.3369383
2022-12-05,505.0570724,600.5311082
2022-12-12,660.575461,722.7923794
2022-12-19,639.3386532,713.6729498
2022-12-26,627.76539,712.5612984
2023-01-02,641.1146301,714.6394703
2023-01-09,657.3494375,719.030445
2023-01-16,625.660487,689.8284404
2023-01-23,625.4187316,689.5318534
2023-01-30,626.9295249,693.112644
2023-02-06,622.3772335,666.3690583
2023-02-13,617.172754,638.9215356
2023-02-20,619.1279892,632.6112618
2023-02-27,609.78765,619.8405978
2023-03-06,604.11234,616.3573
2023-03-13,605.808301,620.2460845
2023-03-20,606.9628761,612.2603928
2023-03-27,604.470199,606.531554
2023-04-03,612.8911404,601.1471004
2023-04-10,610.846576,585.655398
2023-04-17,610.472646,586.405071
2023-04-24,592.451886,577.438383
2023-05-01,579.7925848,567.5251252
2023-05-08,569.983358,554.451452
2023-05-15,556.490784,545.260371
2023-05-22,556.5190176,547.4130786
2023-05-29,577.8313345,558.3153515
2023-06-05,576.8855232,556.2870848
2023-06-12,577.340193,555.3137785
2023-06-19,579.837024,560.199744
2023-06-26,581.81233,569.513918
2023-07-03,574.583463,563.9813649
2023-07-10,579.814239,565.7977695
2023-07-17,592.7558609,582.0498999
2023-07-24,591.9149692,580.3327574
2023-07-31,612.0110503,597.2496708
2023-08-07,630.043515,627.496185
2023-08-14,630.4042098,641.9947882
2023-08-21,642.7760605,648.2195303
2023-08-28,643.4420869,648.4851503
2023-09-04,644.075592,657.9381715
2023-09-11,645.614485,654.494877
2023-09-18,655.7444817,678.7346622
2023-09-25,658.7273304,684.077136
2023-10-02,646.482732,678.880314
2023-10-09,629.2372975,683.179694
2023-10-16,604.1115105,656.475505
2023-10-23,604.7354568,652.3034262
2023-10-30,607.7271616,649.1596278
2023-11-06,609.9590952,640.8134712
2023-11-13,597.27734,628.362392
2023-11-20,587.609487,609.960798
2023-11-27,580.6436382,603.9440118
2023-12-04,577.9430712,608.1830656
2023-12-11,573.873492,596.122986
2023-12-18,551.677485,585.709425
2023-12-25,546.0720561,581.6450163
2024-01-01,563.971584,601.30224
2024-01-08,559.624429,588.960281
2024-01-15,575.670816,606.6830784
2024-01-22,579.4296992,614.3215584
2024-01-29,588.5630706,625.2024888
2024-02-05,601.572743,640.068066
2024-02-12,598.568277,640.036488
2024-02-19,610.009388,658.407912
2024-02-26,613.6733526,654.9206843
2024-03-04,611.3213175,646.8701025
2024-03-11,620.4162195,642.6856845
2024-03-18,617.7294465,642.228195
2024-03-25,629.3968821,649.5620826
2024-04-01,639.66421,646.2654
2024-04-08,641.02613,653.19303
2024-04-15,639.64396,654.2218
2024-04-22,647.86816,649.18137
2024-04-29,639.13086,627.77208
2024-05-06,626.29855,614.10035
2024-05-13,609.19229,606.59028
2024-05-20,603.14081,600.28074
2024-05-27,600.92028,601.19868
2024-06-03,594.33555,601.03077
2024-06-10,587.22282,594.61609
2024-06-17,594.90446,607.02568
2024-06-24,606.05692,623.82306
2024-07-01,613.53598,625.53364
2024-07-08,615.23015,626.44166
2024-07-15,615.94116,623.15655
2024-07-22,609.79518,617.81707
2024-07-29,608.20248,615.65644
2024-08-05,610.82609,618.08916
2024-08-12,609.13361,613.44192
2024-08-19,610.73796,615.86474
2024-08-26,597.53947,603.47052
2024-09-02,594.79409,601.41111
2024-09-09,586.9916,598.07655
2024-09-16,581.58892,590.95986
2024-09-23,586.08367,589.29929
2024-09-30,582.46708,588.63342
2024-10-07,586.75547,596.95465
2024-10-14,598.49244,610.21119
2024-10-21,600.96179,602.16152
2024-10-28,600.14853,602.73342
2024-11-04,601.38338,606.73818
2024-11-11,606.35511,622.97184
2024-11-18,607.17099,621.27994
2024-11-25,613.63016,631.07491
2024-12-02,618.65678,633.35834
2024-12-09,618.7365,632.77657
2024-12-16,612.88575,629.68859
2024-12-23,616.9313983,633.8451536
2024-12-30,612.88575,629.68859
2025-01-06,628.01344,648.21851
2025-01-13,636.19857,655.19879
2025-01-20,640.61837,662.75973
2025-01-27,635.96784,653.13336
2025-02-03,629.5971,639.744
2025-02-10,631.49004,643.35475
2025-02-17,626.13208,640.60945
2025-02-24,622.52422,642.48967
2025-03-03,615.0236,633.32175
2025-03-10,604.983,623.98365
2025-03-17,594.2776,612.93326
2025-03-24,594.99948,609.61294
2025-03-31,605.43318,617.65184
2025-04-07,604.15126,616.71812
2025-04-14,582.69706,594.93474
2025-04-21,583.70558,592.77754
2025-04-28,585.33079,595.86629
2025-05-05,585.97965,593.22363
2025-05-12,580.07912,582.06963
2025-05-19,585.0905,583.4593
2025-05-26,585.89044,581.31351
2025-06-02,585.56058,581.7646
