Név,Dátum,Utolsó ár
BUX,2000.01.04.,8715.49
BUX,2000.01.05.,8464.34
BUX,2000.01.06.,8483.29
BUX,2000.01.07.,8694.04
BUX,2000.01.10.,8977.88
BUX,2000.01.11.,8881.02
BUX,2000.01.12.,8910.43
BUX,2000.01.13.,9084.51
BUX,2000.01.14.,9494.6
BUX,2000.01.17.,9858.1
BUX,2000.01.18.,9781.45
BUX,2000.01.19.,9803.04
BUX,2000.01.20.,9965.26
BUX,2000.01.21.,9794.06
BUX,2000.01.24.,9685.12
BUX,2000.01.25.,9380.63
BUX,2000.01.26.,9600.42
BUX,2000.01.27.,9983.29
BUX,2000.01.28.,9830.02
BUX,2000.01.31.,9548.9
BUX,2000.02.01.,9583.36
BUX,2000.02.02.,9623.36
BUX,2000.02.03.,9614.3
BUX,2000.02.04.,9609.95
BUX,2000.02.07.,9561.22
BUX,2000.02.08.,9927.84
BUX,2000.02.09.,9960.37
BUX,2000.02.10.,10162.44
BUX,2000.02.11.,10130.36
BUX,2000.02.14.,10253.01
BUX,2000.02.15.,10247.38
BUX,2000.02.16.,10340.88
BUX,2000.02.17.,10151.76
BUX,2000.02.18.,10052.82
BUX,2000.02.21.,10145.73
BUX,2000.02.22.,10046.91
BUX,2000.02.23.,10128.98
BUX,2000.02.24.,10129.68
BUX,2000.02.25.,10085.76
BUX,2000.02.28.,9872.26
BUX,2000.02.29.,10124.65
BUX,2000.03.01.,9967.44
BUX,2000.03.02.,9980.36
BUX,2000.03.03.,10050.24
BUX,2000.03.06.,10221.66
BUX,2000.03.07.,10193.87
BUX,2000.03.08.,10178.81
BUX,2000.03.09.,10240.8
BUX,2000.03.10.,10471.91
BUX,2000.03.13.,10203.31
BUX,2000.03.14.,10204.6
BUX,2000.03.16.,10135.66
BUX,2000.03.17.,9996.23
BUX,2000.03.20.,10013.06
BUX,2000.03.21.,9944.2
BUX,2000.03.22.,9920.98
BUX,2000.03.23.,9846.73
BUX,2000.03.24.,10126.69
BUX,2000.03.27.,10294.79
BUX,2000.03.28.,10154.51
BUX,2000.03.29.,10062.12
BUX,2000.03.30.,9945.27
BUX,2000.03.31.,10000.64
BUX,2000.04.03.,9881.36
BUX,2000.04.04.,9887.26
BUX,2000.04.05.,9573.78
BUX,2000.04.06.,9911.83
BUX,2000.04.07.,9913.62
BUX,2000.04.10.,9990.82
BUX,2000.04.11.,9761.44
BUX,2000.04.12.,9786.06
BUX,2000.04.13.,9682.8
BUX,2000.04.14.,9455.08
BUX,2000.04.17.,9025.29
BUX,2000.04.18.,8989.2
BUX,2000.04.19.,9066.22
BUX,2000.04.20.,9072.54
BUX,2000.04.21.,9177.05
BUX,2000.04.25.,9141.63
BUX,2000.04.26.,9032.84
BUX,2000.04.27.,8867.97
BUX,2000.04.28.,8872.49
BUX,2000.05.02.,8975.77
BUX,2000.05.03.,9103.48
BUX,2000.05.04.,9113.86
BUX,2000.05.05.,9026.99
BUX,2000.05.08.,9045.64
BUX,2000.05.09.,9193.71
BUX,2000.05.10.,9023.06
BUX,2000.05.11.,9032.61
BUX,2000.05.12.,8922.18
BUX,2000.05.15.,8977.93
BUX,2000.05.16.,8988.3
BUX,2000.05.17.,8862.17
BUX,2000.05.18.,8891.07
BUX,2000.05.19.,8300.47
BUX,2000.05.22.,8215.6
BUX,2000.05.23.,8260.95
BUX,2000.05.24.,8308.54
BUX,2000.05.25.,8702.0
BUX,2000.05.26.,8671.04
BUX,2000.05.29.,8825.93
BUX,2000.05.30.,8994.07
BUX,2000.05.31.,9015.87
BUX,2000.06.01.,9018.12
BUX,2000.06.02.,9346.27
BUX,2000.06.05.,9428.39
BUX,2000.06.06.,9346.18
BUX,2000.06.07.,9265.46
BUX,2000.06.08.,9237.07
BUX,2000.06.09.,9325.76
BUX,2000.06.13.,9037.5
BUX,2000.06.14.,9101.88
BUX,2000.06.15.,8971.5
BUX,2000.06.16.,8878.49
BUX,2000.06.19.,8845.18
BUX,2000.06.20.,8893.03
BUX,2000.06.21.,8809.5
BUX,2000.06.22.,8651.96
BUX,2000.06.23.,8524.87
BUX,2000.06.26.,8655.73
BUX,2000.06.27.,8681.63
BUX,2000.06.28.,8569.0
BUX,2000.06.29.,8320.77
BUX,2000.06.30.,8318.3
BUX,2000.07.03.,8368.76
BUX,2000.07.04.,8276.78
BUX,2000.07.05.,8233.57
BUX,2000.07.06.,8264.4
BUX,2000.07.07.,8220.89
BUX,2000.07.10.,8133.54
BUX,2000.07.11.,8015.66
BUX,2000.07.12.,8165.52
BUX,2000.07.13.,8148.59
BUX,2000.07.14.,8068.62
BUX,2000.07.17.,8117.03
BUX,2000.07.18.,8173.84
BUX,2000.07.19.,8363.46
BUX,2000.07.20.,8544.07
BUX,2000.07.21.,8474.18
BUX,2000.07.24.,8567.89
BUX,2000.07.25.,8442.96
BUX,2000.07.26.,8500.35
BUX,2000.07.27.,8346.29
BUX,2000.07.28.,8271.14
BUX,2000.07.31.,8221.29
BUX,2000.08.01.,8296.15
BUX,2000.08.02.,8381.42
BUX,2000.08.03.,8242.66
BUX,2000.08.04.,8344.4
BUX,2000.08.07.,8214.63
BUX,2000.08.08.,8171.82
BUX,2000.08.09.,8329.75
BUX,2000.08.10.,8341.13
BUX,2000.08.11.,8217.58
BUX,2000.08.14.,8332.37
BUX,2000.08.15.,8400.78
BUX,2000.08.16.,8627.85
BUX,2000.08.17.,8576.72
BUX,2000.08.18.,8529.69
BUX,2000.08.21.,8556.24
BUX,2000.08.22.,8653.93
BUX,2000.08.23.,8566.06
BUX,2000.08.24.,8422.34
BUX,2000.08.25.,8497.1
BUX,2000.08.28.,8528.21
BUX,2000.08.29.,8556.9
BUX,2000.08.30.,8460.79
BUX,2000.08.31.,8433.19
BUX,2000.09.01.,8454.65
BUX,2000.09.04.,8481.1
BUX,2000.09.05.,8371.99
BUX,2000.09.06.,8232.54
BUX,2000.09.07.,8258.11
BUX,2000.09.08.,8271.44
BUX,2000.09.11.,8345.24
BUX,2000.09.12.,8397.71
BUX,2000.09.13.,8568.47
BUX,2000.09.14.,8484.85
BUX,2000.09.15.,8545.55
BUX,2000.09.18.,8449.64
BUX,2000.09.19.,8238.67
BUX,2000.09.20.,8260.89
BUX,2000.09.21.,8103.12
BUX,2000.09.22.,7922.84
BUX,2000.09.25.,8017.53
BUX,2000.09.26.,8088.39
BUX,2000.09.27.,8115.25
BUX,2000.09.28.,8097.65
BUX,2000.09.29.,8270.41
BUX,2000.10.02.,8348.08
BUX,2000.10.03.,8279.44
BUX,2000.10.04.,8330.03
BUX,2000.10.05.,8288.14
BUX,2000.10.06.,8367.94
BUX,2000.10.09.,8357.61
BUX,2000.10.10.,8353.88
BUX,2000.10.11.,8042.91
BUX,2000.10.12.,7831.42
BUX,2000.10.13.,7804.68
BUX,2000.10.16.,7994.98
BUX,2000.10.17.,7922.45
BUX,2000.10.18.,7782.41
BUX,2000.10.19.,7918.18
BUX,2000.10.20.,8114.46
BUX,2000.10.24.,8242.59
BUX,2000.10.25.,8084.96
BUX,2000.10.26.,8125.2
BUX,2000.10.27.,8216.59
BUX,2000.10.30.,8177.0
BUX,2000.10.31.,8161.53
BUX,2000.11.02.,8090.15
BUX,2000.11.03.,7989.56
BUX,2000.11.06.,7837.93
BUX,2000.11.07.,7731.65
BUX,2000.11.08.,7775.7
BUX,2000.11.09.,7688.74
BUX,2000.11.10.,7697.72
BUX,2000.11.13.,7656.81
BUX,2000.11.14.,7774.24
BUX,2000.11.15.,7757.54
BUX,2000.11.16.,7666.8
BUX,2000.11.17.,7791.11
BUX,2000.11.20.,7620.32
BUX,2000.11.21.,7556.69
BUX,2000.11.22.,7422.12
BUX,2000.11.23.,7280.24
BUX,2000.11.24.,7380.26
BUX,2000.11.27.,7413.11
BUX,2000.11.28.,7240.63
BUX,2000.11.29.,7110.28
BUX,2000.11.30.,6891.29
BUX,2000.12.01.,6684.74
BUX,2000.12.04.,6780.76
BUX,2000.12.05.,7200.37
BUX,2000.12.06.,7488.67
BUX,2000.12.07.,7417.66
BUX,2000.12.08.,7499.54
BUX,2000.12.11.,7678.49
BUX,2000.12.12.,7886.09
BUX,2000.12.13.,7854.96
BUX,2000.12.14.,7637.55
BUX,2000.12.15.,7547.18
BUX,2000.12.18.,7838.51
BUX,2000.12.19.,7878.7
BUX,2000.12.20.,7552.88
BUX,2000.12.21.,7541.66
BUX,2000.12.22.,7690.69
BUX,2000.12.27.,7752.96
BUX,2000.12.28.,7795.46
BUX,2000.12.29.,7849.75
BUX,2001.01.02.,7603.72
BUX,2001.01.03.,7507.79
BUX,2001.01.04.,7920.61
BUX,2001.01.05.,7863.76
BUX,2001.01.08.,7937.88
BUX,2001.01.09.,7915.05
BUX,2001.01.10.,7755.36
BUX,2001.01.11.,7703.82
BUX,2001.01.12.,7906.41
BUX,2001.01.15.,7973.76
BUX,2001.01.16.,7966.65
BUX,2001.01.17.,8123.26
BUX,2001.01.18.,8057.69
BUX,2001.01.19.,8146.03
BUX,2001.01.22.,8049.59
BUX,2001.01.23.,7939.08
BUX,2001.01.24.,8042.74
BUX,2001.01.25.,8001.49
BUX,2001.01.26.,7929.17
BUX,2001.01.29.,8028.54
BUX,2001.01.30.,8080.94
BUX,2001.01.31.,8145.81
BUX,2001.02.01.,7986.5
BUX,2001.02.02.,7980.62
BUX,2001.02.05.,7801.31
BUX,2001.02.06.,7807.71
BUX,2001.02.07.,7743.64
BUX,2001.02.08.,7822.94
BUX,2001.02.09.,7681.12
BUX,2001.02.12.,7682.16
BUX,2001.02.13.,7719.43
BUX,2001.02.14.,7635.77
BUX,2001.02.15.,7625.76
BUX,2001.02.16.,7329.2
BUX,2001.02.19.,7338.92
BUX,2001.02.20.,7391.75
BUX,2001.02.21.,7129.62
BUX,2001.02.22.,7015.59
BUX,2001.02.23.,7051.43
BUX,2001.02.26.,7157.74
BUX,2001.02.27.,7161.89
BUX,2001.02.28.,7116.83
BUX,2001.03.01.,7089.57
BUX,2001.03.02.,7054.76
BUX,2001.03.05.,7199.75
BUX,2001.03.06.,7186.53
BUX,2001.03.07.,7233.34
BUX,2001.03.08.,7155.15
BUX,2001.03.09.,7107.56
BUX,2001.03.12.,7011.27
BUX,2001.03.13.,7041.61
BUX,2001.03.14.,6757.8
BUX,2001.03.19.,6807.06
BUX,2001.03.20.,6870.61
BUX,2001.03.21.,6678.87
BUX,2001.03.22.,6471.51
BUX,2001.03.23.,6676.33
BUX,2001.03.26.,6861.92
BUX,2001.03.27.,6801.54
BUX,2001.03.28.,6692.18
BUX,2001.03.29.,6622.7
BUX,2001.03.30.,6652.5
BUX,2001.04.02.,6573.09
BUX,2001.04.03.,6417.38
BUX,2001.04.04.,6389.07
BUX,2001.04.05.,6739.21
BUX,2001.04.06.,6712.66
BUX,2001.04.09.,6658.24
BUX,2001.04.10.,6814.53
BUX,2001.04.11.,6905.64
BUX,2001.04.12.,6899.47
BUX,2001.04.13.,6936.56
BUX,2001.04.17.,6932.35
BUX,2001.04.18.,7098.27
BUX,2001.04.19.,6990.27
BUX,2001.04.20.,7007.74
BUX,2001.04.23.,6908.06
BUX,2001.04.24.,6934.22
BUX,2001.04.25.,6939.29
BUX,2001.04.26.,6915.58
BUX,2001.04.27.,6865.72
BUX,2001.05.02.,6959.39
BUX,2001.05.03.,7004.24
BUX,2001.05.04.,7085.03
BUX,2001.05.07.,7031.25
BUX,2001.05.08.,6970.13
BUX,2001.05.09.,6877.7
BUX,2001.05.10.,7027.99
BUX,2001.05.11.,6949.2
BUX,2001.05.14.,6875.6
BUX,2001.05.15.,6860.86
BUX,2001.05.16.,6744.0
BUX,2001.05.17.,6842.6
BUX,2001.05.18.,6860.53
BUX,2001.05.21.,6983.01
BUX,2001.05.22.,7087.95
BUX,2001.05.23.,6948.62
BUX,2001.05.24.,6972.7
BUX,2001.05.25.,6947.09
BUX,2001.05.28.,7000.85
BUX,2001.05.29.,6988.33
BUX,2001.05.30.,7006.65
BUX,2001.05.31.,7104.47
BUX,2001.06.01.,7054.47
BUX,2001.06.05.,7030.78
BUX,2001.06.06.,6993.43
BUX,2001.06.07.,6921.52
BUX,2001.06.08.,6937.56
BUX,2001.06.11.,6866.91
BUX,2001.06.12.,6771.75
BUX,2001.06.13.,6755.78
BUX,2001.06.14.,6614.52
BUX,2001.06.15.,6666.28
BUX,2001.06.18.,6730.24
BUX,2001.06.19.,6706.41
BUX,2001.06.20.,6671.34
BUX,2001.06.21.,6621.62
BUX,2001.06.22.,6508.74
BUX,2001.06.25.,6575.11
BUX,2001.06.26.,6557.86
BUX,2001.06.27.,6628.4
BUX,2001.06.28.,6654.73
BUX,2001.06.29.,6727.95
BUX,2001.07.02.,6729.72
BUX,2001.07.03.,6720.04
BUX,2001.07.04.,6666.51
BUX,2001.07.05.,6716.39
BUX,2001.07.06.,6689.09
BUX,2001.07.09.,6789.15
BUX,2001.07.10.,6672.27
BUX,2001.07.11.,6559.25
BUX,2001.07.12.,6601.52
BUX,2001.07.13.,6582.18
BUX,2001.07.16.,6579.53
BUX,2001.07.17.,6568.3
BUX,2001.07.18.,6573.29
BUX,2001.07.19.,6703.35
BUX,2001.07.20.,6629.47
BUX,2001.07.23.,6601.91
BUX,2001.07.24.,6556.67
BUX,2001.07.25.,6491.08
BUX,2001.07.26.,6520.08
BUX,2001.07.27.,6572.21
BUX,2001.07.30.,6613.97
BUX,2001.07.31.,6592.81
BUX,2001.08.01.,6612.71
BUX,2001.08.02.,6716.17
BUX,2001.08.03.,6716.09
BUX,2001.08.06.,6618.21
BUX,2001.08.07.,6623.58
BUX,2001.08.08.,6577.12
BUX,2001.08.09.,6522.27
BUX,2001.08.10.,6498.75
BUX,2001.08.13.,6582.13
BUX,2001.08.14.,6539.23
BUX,2001.08.15.,6492.08
BUX,2001.08.16.,6403.91
BUX,2001.08.17.,6405.21
BUX,2001.08.21.,6365.17
BUX,2001.08.22.,6357.18
BUX,2001.08.23.,6354.42
BUX,2001.08.24.,6361.19
BUX,2001.08.27.,6402.77
BUX,2001.08.28.,6391.69
BUX,2001.08.29.,6348.91
BUX,2001.08.30.,6343.15
BUX,2001.08.31.,6360.17
BUX,2001.09.03.,6305.16
BUX,2001.09.04.,6288.96
BUX,2001.09.05.,6339.58
BUX,2001.09.06.,6388.94
BUX,2001.09.07.,6354.35
BUX,2001.09.10.,6234.41
BUX,2001.09.11.,5988.52
BUX,2001.09.12.,5747.75
BUX,2001.09.13.,5955.84
BUX,2001.09.14.,5853.3
BUX,2001.09.17.,5799.25
BUX,2001.09.18.,5845.77
BUX,2001.09.19.,5927.57
BUX,2001.09.20.,5858.57
BUX,2001.09.21.,5670.98
BUX,2001.09.24.,5779.96
BUX,2001.09.25.,5974.53
BUX,2001.09.26.,6074.38
BUX,2001.09.27.,6089.49
BUX,2001.09.28.,6173.92
BUX,2001.10.01.,6185.96
BUX,2001.10.02.,6283.06
BUX,2001.10.03.,6294.14
BUX,2001.10.04.,6413.7
BUX,2001.10.05.,6456.6
BUX,2001.10.08.,6397.31
BUX,2001.10.09.,6456.09
BUX,2001.10.10.,6472.77
BUX,2001.10.11.,6710.4
BUX,2001.10.12.,6574.33
BUX,2001.10.15.,6517.06
BUX,2001.10.16.,6545.62
BUX,2001.10.17.,6508.2
BUX,2001.10.18.,6443.74
BUX,2001.10.19.,6486.72
BUX,2001.10.24.,6604.27
BUX,2001.10.25.,6609.59
BUX,2001.10.26.,6809.13
BUX,2001.10.29.,6823.43
BUX,2001.10.30.,6684.84
BUX,2001.10.31.,6773.14
BUX,2001.11.05.,6849.67
BUX,2001.11.06.,6879.01
BUX,2001.11.07.,6882.67
BUX,2001.11.08.,6937.99
BUX,2001.11.09.,6895.31
BUX,2001.11.12.,6785.99
BUX,2001.11.13.,6960.67
BUX,2001.11.14.,7140.71
BUX,2001.11.15.,7181.81
BUX,2001.11.16.,7134.79
BUX,2001.11.19.,7124.08
BUX,2001.11.20.,7137.51
BUX,2001.11.21.,7164.24
BUX,2001.11.22.,7140.22
BUX,2001.11.23.,7226.28
BUX,2001.11.26.,7357.61
BUX,2001.11.27.,7237.96
BUX,2001.11.28.,7218.5
BUX,2001.11.29.,7211.39
BUX,2001.11.30.,7125.2
BUX,2001.12.03.,7133.1
BUX,2001.12.04.,7118.06
BUX,2001.12.05.,7250.53
BUX,2001.12.06.,7212.11
BUX,2001.12.07.,7312.84
BUX,2001.12.10.,7281.28
BUX,2001.12.11.,7223.15
BUX,2001.12.12.,7208.96
BUX,2001.12.13.,7164.96
BUX,2001.12.14.,7192.92
BUX,2001.12.17.,7192.48
BUX,2001.12.18.,7212.59
BUX,2001.12.19.,7217.83
BUX,2001.12.20.,7204.79
BUX,2001.12.21.,7164.16
BUX,2001.12.27.,7139.3
BUX,2001.12.28.,7131.13
BUX,2002.01.02.,7123.33
BUX,2002.01.03.,7168.03
BUX,2002.01.04.,7338.39
BUX,2002.01.07.,7336.11
BUX,2002.01.08.,7325.66
BUX,2002.01.09.,7412.84
BUX,2002.01.10.,7574.91
BUX,2002.01.11.,7772.1
BUX,2002.01.14.,7590.15
BUX,2002.01.15.,7635.38
BUX,2002.01.16.,7701.43
BUX,2002.01.17.,7823.91
BUX,2002.01.18.,7853.39
BUX,2002.01.21.,7907.07
BUX,2002.01.22.,7970.52
BUX,2002.01.23.,7985.19
BUX,2002.01.24.,8079.59
BUX,2002.01.25.,8096.88
BUX,2002.01.28.,7947.03
BUX,2002.01.29.,7906.18
BUX,2002.01.30.,7884.66
BUX,2002.01.31.,8108.22
BUX,2002.02.01.,8131.52
BUX,2002.02.04.,8025.04
BUX,2002.02.05.,7817.78
BUX,2002.02.06.,7769.48
BUX,2002.02.07.,7754.38
BUX,2002.02.08.,7699.58
BUX,2002.02.11.,7781.24
BUX,2002.02.12.,7807.11
BUX,2002.02.13.,7878.45
BUX,2002.02.14.,8038.61
BUX,2002.02.15.,8025.12
BUX,2002.02.18.,7958.02
BUX,2002.02.19.,7902.86
BUX,2002.02.20.,7940.37
BUX,2002.02.21.,7922.44
BUX,2002.02.22.,7849.49
BUX,2002.02.25.,7920.63
BUX,2002.02.26.,7995.32
BUX,2002.02.27.,7947.44
BUX,2002.02.28.,7941.58
BUX,2002.03.01.,7940.51
BUX,2002.03.04.,8024.87
BUX,2002.03.05.,8188.94
BUX,2002.03.06.,8277.67
BUX,2002.03.07.,8397.3
BUX,2002.03.08.,8390.58
BUX,2002.03.11.,8188.45
BUX,2002.03.12.,8113.49
BUX,2002.03.13.,8065.53
BUX,2002.03.14.,7995.31
BUX,2002.03.18.,7887.45
BUX,2002.03.19.,7821.37
BUX,2002.03.20.,7858.3
BUX,2002.03.21.,7930.05
BUX,2002.03.22.,8170.77
BUX,2002.03.25.,8158.57
BUX,2002.03.26.,8162.1
BUX,2002.03.27.,8082.71
BUX,2002.03.28.,8081.33
BUX,2002.03.29.,8112.69
BUX,2002.04.02.,8040.38
BUX,2002.04.03.,8140.61
BUX,2002.04.04.,8198.89
BUX,2002.04.05.,8259.34
BUX,2002.04.08.,8520.93
BUX,2002.04.09.,8504.01
BUX,2002.04.10.,8635.57
BUX,2002.04.11.,8850.65
BUX,2002.04.12.,8714.59
BUX,2002.04.15.,8577.27
BUX,2002.04.16.,8651.4
BUX,2002.04.17.,8759.92
BUX,2002.04.18.,8729.59
BUX,2002.04.19.,8861.69
BUX,2002.04.22.,8743.4
BUX,2002.04.23.,8679.26
BUX,2002.04.24.,8575.4
BUX,2002.04.25.,8667.66
BUX,2002.04.26.,8702.14
BUX,2002.04.29.,8670.68
BUX,2002.04.30.,8673.56
BUX,2002.05.02.,8681.23
BUX,2002.05.03.,8801.0
BUX,2002.05.06.,8927.15
BUX,2002.05.07.,8844.07
BUX,2002.05.08.,8948.87
BUX,2002.05.09.,8885.35
BUX,2002.05.10.,8840.06
BUX,2002.05.13.,8805.93
BUX,2002.05.14.,8820.1
BUX,2002.05.15.,8741.95
BUX,2002.05.16.,8670.15
BUX,2002.05.17.,8632.93
BUX,2002.05.21.,8476.53
BUX,2002.05.22.,8323.89
BUX,2002.05.23.,8404.18
BUX,2002.05.24.,8397.44
BUX,2002.05.27.,8396.15
BUX,2002.05.28.,8279.26
BUX,2002.05.29.,8179.77
BUX,2002.05.30.,8208.9
BUX,2002.05.31.,8115.21
BUX,2002.06.03.,8191.34
BUX,2002.06.04.,8104.42
BUX,2002.06.05.,8143.83
BUX,2002.06.06.,8078.01
BUX,2002.06.07.,7977.9
BUX,2002.06.10.,7990.06
BUX,2002.06.11.,8015.66
BUX,2002.06.12.,7982.35
BUX,2002.06.13.,8038.22
BUX,2002.06.14.,7913.77
BUX,2002.06.17.,7940.22
BUX,2002.06.18.,7920.58
BUX,2002.06.19.,7749.13
BUX,2002.06.20.,7549.57
BUX,2002.06.21.,7598.23
BUX,2002.06.24.,7534.42
BUX,2002.06.25.,7555.54
BUX,2002.06.26.,7241.53
BUX,2002.06.27.,7362.02
BUX,2002.06.28.,7252.64
BUX,2002.07.01.,7517.22
BUX,2002.07.02.,7340.3
BUX,2002.07.03.,7452.87
BUX,2002.07.04.,7585.91
BUX,2002.07.05.,7745.51
BUX,2002.07.08.,7600.38
BUX,2002.07.09.,7532.84
BUX,2002.07.10.,7588.4
BUX,2002.07.11.,7408.29
BUX,2002.07.12.,7422.89
BUX,2002.07.15.,7365.34
BUX,2002.07.16.,7331.69
BUX,2002.07.17.,7459.19
BUX,2002.07.18.,7369.89
BUX,2002.07.19.,7380.49
BUX,2002.07.22.,7115.42
BUX,2002.07.23.,7043.23
BUX,2002.07.24.,6589.76
BUX,2002.07.25.,6718.08
BUX,2002.07.26.,6797.58
BUX,2002.07.29.,7094.32
BUX,2002.07.30.,7030.89
BUX,2002.07.31.,7048.55
BUX,2002.08.01.,7074.44
BUX,2002.08.02.,7058.38
BUX,2002.08.05.,6857.99
BUX,2002.08.06.,7124.48
BUX,2002.08.07.,6986.0
BUX,2002.08.08.,7038.24
BUX,2002.08.09.,7008.14
BUX,2002.08.12.,7002.93
BUX,2002.08.13.,7080.94
BUX,2002.08.14.,7091.61
BUX,2002.08.15.,7314.03
BUX,2002.08.16.,7294.07
BUX,2002.08.21.,7334.84
BUX,2002.08.22.,7541.38
BUX,2002.08.23.,7626.33
BUX,2002.08.26.,7667.99
BUX,2002.08.27.,7755.18
BUX,2002.08.28.,7696.42
BUX,2002.08.29.,7527.53
BUX,2002.08.30.,7665.07
BUX,2002.09.02.,7625.38
BUX,2002.09.03.,7382.93
BUX,2002.09.04.,7336.79
BUX,2002.09.05.,7277.42
BUX,2002.09.06.,7356.86
BUX,2002.09.09.,7353.49
BUX,2002.09.10.,7510.66
BUX,2002.09.11.,7631.16
BUX,2002.09.12.,7428.09
BUX,2002.09.13.,7382.56
BUX,2002.09.16.,7471.47
BUX,2002.09.17.,7450.89
BUX,2002.09.18.,7438.66
BUX,2002.09.19.,7300.44
BUX,2002.09.20.,7338.73
BUX,2002.09.23.,7320.38
BUX,2002.09.24.,7263.57
BUX,2002.09.25.,7320.05
BUX,2002.09.26.,7337.88
BUX,2002.09.27.,7232.69
BUX,2002.09.30.,7102.01
BUX,2002.10.01.,7088.75
BUX,2002.10.02.,6951.4
BUX,2002.10.03.,6900.24
BUX,2002.10.04.,6811.32
BUX,2002.10.07.,6739.34
BUX,2002.10.08.,6717.86
BUX,2002.10.09.,6691.39
BUX,2002.10.10.,6841.09
BUX,2002.10.11.,6873.23
BUX,2002.10.14.,6806.67
BUX,2002.10.15.,7033.05
BUX,2002.10.16.,6940.32
BUX,2002.10.17.,7121.66
BUX,2002.10.18.,7093.82
BUX,2002.10.21.,7208.65
BUX,2002.10.22.,7199.6
BUX,2002.10.24.,7133.69
BUX,2002.10.25.,7034.67
BUX,2002.10.28.,7189.5
BUX,2002.10.29.,7117.67
BUX,2002.10.30.,7335.86
BUX,2002.10.31.,7345.41
BUX,2002.11.04.,7442.73
BUX,2002.11.05.,7442.62
BUX,2002.11.06.,7430.18
BUX,2002.11.07.,7413.7
BUX,2002.11.08.,7452.65
BUX,2002.11.11.,7450.87
BUX,2002.11.12.,7423.64
BUX,2002.11.13.,7475.15
BUX,2002.11.14.,7661.08
BUX,2002.11.15.,7601.17
BUX,2002.11.18.,7718.5
BUX,2002.11.19.,7606.3
BUX,2002.11.20.,7618.73
BUX,2002.11.21.,7831.71
BUX,2002.11.22.,7931.46
BUX,2002.11.25.,8019.81
BUX,2002.11.26.,8002.68
BUX,2002.11.27.,8022.85
BUX,2002.11.28.,7991.32
BUX,2002.11.29.,7944.86
BUX,2002.12.02.,8119.44
BUX,2002.12.03.,8052.71
BUX,2002.12.04.,8020.14
BUX,2002.12.05.,7983.79
BUX,2002.12.06.,7842.46
BUX,2002.12.09.,7881.59
BUX,2002.12.10.,7921.66
BUX,2002.12.11.,7726.78
BUX,2002.12.12.,7807.46
BUX,2002.12.13.,7912.23
BUX,2002.12.16.,8074.49
BUX,2002.12.17.,8086.58
BUX,2002.12.18.,7887.73
BUX,2002.12.19.,7794.99
BUX,2002.12.20.,7777.4
BUX,2002.12.23.,7885.39
BUX,2002.12.27.,7858.52
BUX,2002.12.30.,7738.63
BUX,2002.12.31.,7798.29
BUX,2003.01.02.,7914.35
BUX,2003.01.03.,7968.26
BUX,2003.01.06.,7905.53
BUX,2003.01.07.,7909.45
BUX,2003.01.08.,7809.25
BUX,2003.01.09.,7740.1
BUX,2003.01.10.,7802.22
BUX,2003.01.13.,7905.56
BUX,2003.01.14.,7868.54
BUX,2003.01.15.,7842.54
BUX,2003.01.16.,7878.65
BUX,2003.01.17.,7897.76
BUX,2003.01.20.,7791.43
BUX,2003.01.21.,7876.75
BUX,2003.01.22.,7735.47
BUX,2003.01.23.,7779.24
BUX,2003.01.24.,7674.0
BUX,2003.01.27.,7583.12
BUX,2003.01.28.,7562.88
BUX,2003.01.29.,7482.49
BUX,2003.01.30.,7524.31
BUX,2003.01.31.,7485.8
BUX,2003.02.03.,7561.75
BUX,2003.02.04.,7467.0
BUX,2003.02.05.,7432.72
BUX,2003.02.06.,7343.83
BUX,2003.02.07.,7439.81
BUX,2003.02.10.,7459.78
BUX,2003.02.11.,7490.8
BUX,2003.02.12.,7478.44
BUX,2003.02.13.,7503.46
BUX,2003.02.14.,7355.46
BUX,2003.02.17.,7344.08
BUX,2003.02.18.,7384.86
BUX,2003.02.19.,7262.69
BUX,2003.02.20.,7300.02
BUX,2003.02.21.,7305.96
BUX,2003.02.24.,7359.66
BUX,2003.02.25.,7277.99
BUX,2003.02.26.,7262.85
BUX,2003.02.27.,7252.18
BUX,2003.02.28.,7212.14
BUX,2003.03.03.,7119.38
BUX,2003.03.04.,7030.74
BUX,2003.03.05.,7093.62
BUX,2003.03.06.,7076.4
BUX,2003.03.07.,7055.33
BUX,2003.03.10.,7205.51
BUX,2003.03.11.,7231.72
BUX,2003.03.12.,7200.7
BUX,2003.03.13.,7271.17
BUX,2003.03.14.,7261.09
BUX,2003.03.17.,7139.69
BUX,2003.03.18.,7329.11
BUX,2003.03.19.,7397.29
BUX,2003.03.20.,7381.17
BUX,2003.03.21.,7583.48
BUX,2003.03.24.,7547.76
BUX,2003.03.25.,7507.2
BUX,2003.03.26.,7570.15
BUX,2003.03.27.,7528.92
BUX,2003.03.28.,7574.08
BUX,2003.03.31.,7423.29
BUX,2003.04.01.,7524.06
BUX,2003.04.02.,7597.14
BUX,2003.04.03.,7724.49
BUX,2003.04.04.,7841.89
BUX,2003.04.07.,7941.32
BUX,2003.04.08.,7899.74
BUX,2003.04.09.,7886.98
BUX,2003.04.10.,7845.32
BUX,2003.04.11.,7944.97
BUX,2003.04.14.,7818.52
BUX,2003.04.15.,7897.77
BUX,2003.04.16.,7757.45
BUX,2003.04.17.,7727.39
BUX,2003.04.18.,7778.51
BUX,2003.04.22.,7772.59
BUX,2003.04.23.,7856.81
BUX,2003.04.24.,7880.25
BUX,2003.04.25.,7964.13
BUX,2003.04.28.,7983.17
BUX,2003.04.29.,8116.5
BUX,2003.04.30.,8166.32
BUX,2003.05.05.,8302.87
BUX,2003.05.06.,8356.63
BUX,2003.05.07.,8216.09
BUX,2003.05.08.,8177.55
BUX,2003.05.09.,8112.2
BUX,2003.05.12.,8178.34
BUX,2003.05.13.,8239.94
BUX,2003.05.14.,8163.43
BUX,2003.05.15.,8161.43
BUX,2003.05.16.,8237.47
BUX,2003.05.19.,8228.5
BUX,2003.05.20.,8339.46
BUX,2003.05.21.,8340.51
BUX,2003.05.22.,8249.23
BUX,2003.05.23.,8272.21
BUX,2003.05.26.,8290.3
BUX,2003.05.27.,8153.69
BUX,2003.05.28.,8332.63
BUX,2003.05.29.,8298.55
BUX,2003.05.30.,8336.85
BUX,2003.06.02.,8443.94
BUX,2003.06.03.,8368.93
BUX,2003.06.04.,8394.31
BUX,2003.06.05.,8411.41
BUX,2003.06.06.,8291.93
BUX,2003.06.10.,7965.04
BUX,2003.06.11.,8008.68
BUX,2003.06.12.,8120.3
BUX,2003.06.13.,8098.24
BUX,2003.06.16.,8001.95
BUX,2003.06.17.,8020.92
BUX,2003.06.18.,7833.97
BUX,2003.06.19.,7832.13
BUX,2003.06.20.,7732.35
BUX,2003.06.23.,7843.72
BUX,2003.06.24.,7786.98
BUX,2003.06.25.,7880.22
BUX,2003.06.26.,7856.08
BUX,2003.06.27.,7858.58
BUX,2003.06.30.,7781.77
BUX,2003.07.01.,7804.13
BUX,2003.07.02.,7877.2
BUX,2003.07.03.,7933.47
BUX,2003.07.04.,7942.0
BUX,2003.07.07.,8054.65
BUX,2003.07.08.,8026.26
BUX,2003.07.09.,8076.78
BUX,2003.07.10.,8053.26
BUX,2003.07.11.,8032.64
BUX,2003.07.14.,7981.89
BUX,2003.07.15.,8014.38
BUX,2003.07.16.,8030.54
BUX,2003.07.17.,8045.34
BUX,2003.07.18.,8081.49
BUX,2003.07.21.,7967.4
BUX,2003.07.22.,7969.1
BUX,2003.07.23.,7985.63
BUX,2003.07.24.,8019.64
BUX,2003.07.25.,7991.12
BUX,2003.07.28.,8172.84
BUX,2003.07.29.,8146.75
BUX,2003.07.30.,8247.33
BUX,2003.07.31.,8287.93
BUX,2003.08.01.,8221.9
BUX,2003.08.04.,8191.14
BUX,2003.08.05.,8255.89
BUX,2003.08.06.,8220.8
BUX,2003.08.07.,8096.17
BUX,2003.08.08.,8143.98
BUX,2003.08.11.,8068.67
BUX,2003.08.12.,8064.15
BUX,2003.08.13.,8226.15
BUX,2003.08.14.,8367.16
BUX,2003.08.15.,8339.35
BUX,2003.08.18.,8440.62
BUX,2003.08.19.,8632.38
BUX,2003.08.21.,8774.69
BUX,2003.08.22.,8801.6
BUX,2003.08.25.,8760.84
BUX,2003.08.26.,8731.67
BUX,2003.08.27.,8823.32
BUX,2003.08.28.,8985.48
BUX,2003.08.29.,9060.48
BUX,2003.09.01.,9145.07
BUX,2003.09.02.,9046.31
BUX,2003.09.03.,9241.21
BUX,2003.09.04.,9241.09
BUX,2003.09.05.,9188.69
BUX,2003.09.08.,9279.12
BUX,2003.09.09.,9320.26
BUX,2003.09.10.,9160.66
BUX,2003.09.11.,9181.61
BUX,2003.09.12.,9146.54
BUX,2003.09.15.,9023.95
BUX,2003.09.16.,9272.53
BUX,2003.09.17.,9316.87
BUX,2003.09.18.,9246.72
BUX,2003.09.19.,9198.02
BUX,2003.09.22.,9034.5
BUX,2003.09.23.,9091.8
BUX,2003.09.24.,9137.36
BUX,2003.09.25.,9044.12
BUX,2003.09.26.,9055.98
BUX,2003.09.29.,9074.38
BUX,2003.09.30.,8929.79
BUX,2003.10.01.,9070.94
BUX,2003.10.02.,9220.49
BUX,2003.10.03.,9192.15
BUX,2003.10.06.,9389.65
BUX,2003.10.07.,9439.42
BUX,2003.10.08.,9753.05
BUX,2003.10.09.,9755.31
BUX,2003.10.10.,9724.75
BUX,2003.10.13.,9729.65
BUX,2003.10.14.,9914.09
BUX,2003.10.15.,9817.45
BUX,2003.10.16.,9813.72
BUX,2003.10.17.,9889.24
BUX,2003.10.20.,9864.85
BUX,2003.10.21.,9842.96
BUX,2003.10.22.,9810.32
BUX,2003.10.27.,9531.05
BUX,2003.10.28.,9542.49
BUX,2003.10.29.,9486.18
BUX,2003.10.30.,9595.76
BUX,2003.10.31.,9571.32
BUX,2003.11.03.,9615.86
BUX,2003.11.04.,9527.22
BUX,2003.11.05.,9721.64
BUX,2003.11.06.,9779.94
BUX,2003.11.07.,9716.35
BUX,2003.11.10.,9771.66
BUX,2003.11.11.,9710.94
BUX,2003.11.12.,9807.51
BUX,2003.11.13.,9802.89
BUX,2003.11.14.,9679.5
BUX,2003.11.17.,9632.51
BUX,2003.11.18.,9612.01
BUX,2003.11.19.,9490.0
BUX,2003.11.20.,9325.82
BUX,2003.11.21.,9374.55
BUX,2003.11.24.,9465.39
BUX,2003.11.25.,9393.87
BUX,2003.11.26.,9205.79
BUX,2003.11.27.,9194.91
BUX,2003.11.28.,9108.21
BUX,2003.12.01.,9260.09
BUX,2003.12.02.,9054.54
BUX,2003.12.03.,9002.69
BUX,2003.12.04.,9049.47
BUX,2003.12.05.,9279.17
BUX,2003.12.08.,9267.86
BUX,2003.12.09.,9442.01
BUX,2003.12.10.,9289.33
BUX,2003.12.11.,9077.86
BUX,2003.12.12.,9209.74
BUX,2003.12.15.,9273.42
BUX,2003.12.16.,9300.88
BUX,2003.12.17.,9137.68
BUX,2003.12.18.,9271.72
BUX,2003.12.19.,9286.28
BUX,2003.12.22.,9327.55
BUX,2003.12.23.,9412.57
BUX,2003.12.29.,9470.28
BUX,2003.12.30.,9488.11
BUX,2003.12.31.,9379.99
BUX,2004.01.05.,9536.65
BUX,2004.01.06.,9641.77
BUX,2004.01.07.,9595.26
BUX,2004.01.08.,9719.09
BUX,2004.01.09.,9557.49
BUX,2004.01.12.,9465.12
BUX,2004.01.13.,9510.33
BUX,2004.01.14.,9571.27
BUX,2004.01.15.,9536.16
BUX,2004.01.16.,9574.69
BUX,2004.01.19.,9735.2
BUX,2004.01.20.,9756.69
BUX,2004.01.21.,9637.73
BUX,2004.01.22.,9671.65
BUX,2004.01.23.,9791.41
BUX,2004.01.26.,9816.39
BUX,2004.01.27.,9821.86
BUX,2004.01.28.,10005.39
BUX,2004.01.29.,10089.6
BUX,2004.01.30.,10064.01
BUX,2004.02.02.,10189.35
BUX,2004.02.03.,10114.82
BUX,2004.02.04.,10011.08
BUX,2004.02.05.,10065.58
BUX,2004.02.06.,10005.41
BUX,2004.02.09.,10106.5
BUX,2004.02.10.,10046.65
BUX,2004.02.11.,9909.4
BUX,2004.02.12.,9861.18
BUX,2004.02.13.,9887.64
BUX,2004.02.16.,9943.94
BUX,2004.02.17.,9850.58
BUX,2004.02.18.,9837.5
BUX,2004.02.19.,9960.5
BUX,2004.02.20.,9964.04
BUX,2004.02.23.,9890.45
BUX,2004.02.24.,9902.55
BUX,2004.02.25.,10037.88
BUX,2004.02.26.,10228.85
BUX,2004.02.27.,10241.94
BUX,2004.03.01.,10318.46
BUX,2004.03.02.,10580.69
BUX,2004.03.03.,10583.49
BUX,2004.03.04.,10718.57
BUX,2004.03.05.,10943.38
BUX,2004.03.08.,10961.36
BUX,2004.03.09.,10740.94
BUX,2004.03.10.,10700.49
BUX,2004.03.11.,10477.18
BUX,2004.03.12.,10541.75
BUX,2004.03.16.,10410.84
BUX,2004.03.17.,10637.82
BUX,2004.03.18.,10623.47
BUX,2004.03.19.,10556.88
BUX,2004.03.22.,10497.93
BUX,2004.03.23.,10643.87
BUX,2004.03.24.,10644.56
BUX,2004.03.25.,10932.3
BUX,2004.03.26.,10991.21
BUX,2004.03.29.,11141.98
BUX,2004.03.30.,11085.24
BUX,2004.03.31.,10992.29
BUX,2004.04.01.,10898.15
BUX,2004.04.02.,11238.11
BUX,2004.04.05.,11316.19
BUX,2004.04.06.,11326.5
BUX,2004.04.07.,11465.36
BUX,2004.04.08.,11436.45
BUX,2004.04.09.,11392.38
BUX,2004.04.13.,11760.77
BUX,2004.04.14.,11405.84
BUX,2004.04.15.,11631.66
BUX,2004.04.16.,11478.42
BUX,2004.04.19.,11234.28
BUX,2004.04.20.,11534.38
BUX,2004.04.21.,11604.12
BUX,2004.04.22.,11435.15
BUX,2004.04.23.,11332.2
BUX,2004.04.26.,11291.5
BUX,2004.04.27.,11126.35
BUX,2004.04.28.,11231.28
BUX,2004.04.29.,11127.23
BUX,2004.04.30.,11072.44
BUX,2004.05.03.,11087.23
BUX,2004.05.04.,11153.21
BUX,2004.05.05.,11154.13
BUX,2004.05.06.,10916.36
BUX,2004.05.07.,10729.78
BUX,2004.05.10.,10513.11
BUX,2004.05.11.,10538.62
BUX,2004.05.12.,10562.26
BUX,2004.05.13.,10442.31
BUX,2004.05.14.,10417.69
BUX,2004.05.17.,10435.24
BUX,2004.05.18.,10813.43
BUX,2004.05.19.,11108.72
BUX,2004.05.20.,11050.09
BUX,2004.05.21.,11163.45
BUX,2004.05.24.,11262.18
BUX,2004.05.25.,11098.63
BUX,2004.05.26.,11098.79
BUX,2004.05.27.,11136.79
BUX,2004.05.28.,11285.13
BUX,2004.06.01.,11174.33
BUX,2004.06.02.,11187.2
BUX,2004.06.03.,11119.48
BUX,2004.06.04.,11189.04
BUX,2004.06.07.,11215.14
BUX,2004.06.08.,11200.46
BUX,2004.06.09.,11176.56
BUX,2004.06.10.,11202.74
BUX,2004.06.11.,11049.11
BUX,2004.06.14.,11013.84
BUX,2004.06.15.,11072.43
BUX,2004.06.16.,11194.81
BUX,2004.06.17.,11028.47
BUX,2004.06.18.,11103.1
BUX,2004.06.21.,11101.93
BUX,2004.06.22.,11187.77
BUX,2004.06.23.,11346.71
BUX,2004.06.24.,11385.58
BUX,2004.06.25.,11459.93
BUX,2004.06.28.,11465.85
BUX,2004.06.29.,11588.86
BUX,2004.06.30.,11536.95
BUX,2004.07.01.,11656.98
BUX,2004.07.02.,11625.74
BUX,2004.07.05.,11666.16
BUX,2004.07.06.,11640.55
BUX,2004.07.07.,11756.32
BUX,2004.07.08.,11599.97
BUX,2004.07.09.,11493.54
BUX,2004.07.12.,11504.81
BUX,2004.07.13.,11629.29
BUX,2004.07.14.,11578.47
BUX,2004.07.15.,11531.82
BUX,2004.07.16.,11535.11
BUX,2004.07.19.,11482.27
BUX,2004.07.20.,11518.84
BUX,2004.07.21.,11641.22
BUX,2004.07.22.,11493.84
BUX,2004.07.23.,11484.67
BUX,2004.07.26.,11602.43
BUX,2004.07.27.,11607.64
BUX,2004.07.28.,11522.25
BUX,2004.07.29.,11596.25
BUX,2004.07.30.,11680.65
BUX,2004.08.02.,11559.24
BUX,2004.08.03.,11654.68
BUX,2004.08.04.,11653.12
BUX,2004.08.05.,11577.31
BUX,2004.08.06.,11422.78
BUX,2004.08.09.,11389.98
BUX,2004.08.10.,11415.79
BUX,2004.08.11.,11509.89
BUX,2004.08.12.,11717.74
BUX,2004.08.13.,11686.43
BUX,2004.08.16.,11874.08
BUX,2004.08.17.,11958.75
BUX,2004.08.18.,11927.7
BUX,2004.08.19.,11970.68
BUX,2004.08.23.,11978.53
BUX,2004.08.24.,12061.47
BUX,2004.08.25.,12003.75
BUX,2004.08.26.,12064.01
BUX,2004.08.27.,12070.48
BUX,2004.08.30.,12081.27
BUX,2004.08.31.,12171.2
BUX,2004.09.01.,12251.04
BUX,2004.09.02.,12297.47
BUX,2004.09.03.,12232.47
BUX,2004.09.06.,12357.88
BUX,2004.09.07.,12203.65
BUX,2004.09.08.,12012.31
BUX,2004.09.09.,11995.71
BUX,2004.09.10.,11932.22
BUX,2004.09.13.,12022.73
BUX,2004.09.14.,12284.62
BUX,2004.09.15.,11956.35
BUX,2004.09.16.,12091.25
BUX,2004.09.17.,12340.02
BUX,2004.09.20.,12364.21
BUX,2004.09.21.,12342.61
BUX,2004.09.22.,12306.13
BUX,2004.09.23.,12344.19
BUX,2004.09.24.,12323.07
BUX,2004.09.27.,12360.59
BUX,2004.09.28.,12441.42
BUX,2004.09.29.,12556.18
BUX,2004.09.30.,12646.58
BUX,2004.10.01.,12529.81
BUX,2004.10.04.,12666.16
BUX,2004.10.05.,12824.87
BUX,2004.10.06.,12799.04
BUX,2004.10.07.,12993.61
BUX,2004.10.08.,12954.69
BUX,2004.10.11.,12985.01
BUX,2004.10.12.,12907.48
BUX,2004.10.13.,12868.9
BUX,2004.10.14.,12841.63
BUX,2004.10.15.,12867.29
BUX,2004.10.18.,12876.56
BUX,2004.10.19.,13037.12
BUX,2004.10.20.,13010.17
BUX,2004.10.21.,12836.59
BUX,2004.10.22.,12983.08
BUX,2004.10.25.,12786.69
BUX,2004.10.26.,12948.3
BUX,2004.10.27.,13075.66
BUX,2004.10.28.,13085.44
BUX,2004.10.29.,13201.03
BUX,2004.11.02.,13351.3
BUX,2004.11.03.,13206.2
BUX,2004.11.04.,13406.01
BUX,2004.11.05.,13620.29
BUX,2004.11.08.,13552.57
BUX,2004.11.09.,13770.8
BUX,2004.11.10.,14193.85
BUX,2004.11.11.,14316.58
BUX,2004.11.12.,14100.04
BUX,2004.11.15.,13923.98
BUX,2004.11.16.,13872.42
BUX,2004.11.17.,13874.49
BUX,2004.11.18.,14076.38
BUX,2004.11.19.,14185.54
BUX,2004.11.22.,14013.75
BUX,2004.11.23.,14210.97
BUX,2004.11.24.,14100.0
BUX,2004.11.25.,14171.06
BUX,2004.11.26.,14101.88
BUX,2004.11.29.,14170.41
BUX,2004.11.30.,14193.88
BUX,2004.12.01.,14317.91
BUX,2004.12.02.,14365.98
BUX,2004.12.03.,14314.6
BUX,2004.12.06.,14398.24
BUX,2004.12.07.,14417.01
BUX,2004.12.08.,14429.99
BUX,2004.12.09.,14345.36
BUX,2004.12.10.,14161.57
BUX,2004.12.13.,14287.64
BUX,2004.12.14.,14473.22
BUX,2004.12.15.,14525.24
BUX,2004.12.16.,14707.83
BUX,2004.12.17.,14738.33
BUX,2004.12.20.,14775.14
BUX,2004.12.21.,14708.96
BUX,2004.12.22.,14535.75
BUX,2004.12.23.,14268.92
BUX,2004.12.27.,14415.96
BUX,2004.12.28.,14470.7
BUX,2004.12.29.,14646.3
BUX,2004.12.30.,14682.63
BUX,2004.12.31.,14742.57
